,player_id,faceOffWins,faceoffTaken,actual_win_pct,sim_win_pct_mean_weighted
0,8445000,258,474,0.5443037974683544,0.5010632911392405
1,8445550,5,13,0.38461538461538464,0.4964615384615385
2,8445575,1,6,0.16666666666666666,0.494
3,8445735,4739,7989,0.5931906371260484,0.500134059331581
4,8445739,0,2,0.0,0.4915
5,8446003,157,315,0.4984126984126984,0.5012730158730159
6,8446053,1,5,0.2,0.4948
7,8446407,1,1,1.0,0.5
8,8446408,19,40,0.475,0.49610000000000004
9,8446454,2,5,0.4,0.49539999999999995
10,8446485,2895,5012,0.5776137270550679,0.4997198723064646
11,8446788,1936,3595,0.5385257301808066,0.4994862308762169
12,8446830,55,123,0.44715447154471544,0.4965040650406504
13,8447091,32,73,0.4383561643835616,0.49627397260273964
14,8447958,2768,4820,0.5742738589211618,0.49991742738589207
15,8448208,5,24,0.20833333333333334,0.49641666666666673
16,8448622,6,13,0.46153846153846156,0.5024615384615385
17,8448769,0,1,0.0,0.526
18,8448772,3,14,0.21428571428571427,0.5022142857142856
19,8448782,253,457,0.5536105032822757,0.5003522975929978
20,8448825,596,1195,0.49874476987447697,0.5004033472803348
21,8449137,0,1,0.0,0.484
22,8449545,32,72,0.4444444444444444,0.5019583333333334
23,8449645,2951,5790,0.5096718480138169,0.4999526770293611
24,8449654,2,5,0.4,0.5096
25,8449807,632,1229,0.5142392188771359,0.5000431244914565
26,8449893,838,1431,0.5856044723969253,0.5001020265548567
27,8449895,565,1135,0.4977973568281938,0.49950132158590305
28,8449924,1,1,1.0,0.512
29,8450550,95,174,0.5459770114942529,0.4983735632183908
30,8450725,376,814,0.4619164619164619,0.4999398034398034
31,8450817,588,1196,0.4916387959866221,0.4996747491638796
32,8450900,31,59,0.5254237288135594,0.5040508474576271
33,8450941,4,13,0.3076923076923077,0.4984615384615384
34,8450978,763,1551,0.49194068343004516,0.5002759509993553
35,8451101,2015,3839,0.5248762698619432,0.500382651732222
36,8451224,1,4,0.25,0.50475
37,8451302,166,342,0.4853801169590643,0.4994941520467836
38,8451359,2401,4196,0.5722116301239275,0.5001141563393708
39,8451774,3106,5661,0.5486663133721957,0.4999655537890832
40,8451972,112,213,0.5258215962441315,0.5015305164319248
41,8451991,302,634,0.47634069400630913,0.5007255520504732
42,8452285,958,2040,0.4696078431372549,0.5000642156862746
43,8452353,0,1,0.0,0.513
44,8452569,0,6,0.0,0.49566666666666664
45,8452578,239,414,0.5772946859903382,0.4993478260869565
46,8455429,27,84,0.32142857142857145,0.5003452380952381
47,8455521,1025,2010,0.5099502487562189,0.49970547263681586
48,8455666,1,2,0.5,0.492
49,8455805,2,3,0.6666666666666666,0.502
50,8455919,3378,6535,0.5169089517980107,0.49984728385615923
51,8456100,818,1564,0.5230179028132992,0.4996234015345269
52,8456106,192,394,0.4873096446700508,0.5001370558375634
53,8456430,635,1173,0.5413469735720375,0.4995728900255755
54,8456464,70,138,0.5072463768115942,0.49922463768115943
55,8456588,0,1,0.0,0.508
56,8456734,558,1016,0.5492125984251969,0.5003120078740158
57,8456852,3,4,0.75,0.49524999999999997
58,8456887,319,734,0.43460490463215257,0.5000395095367847
59,8456966,2177,4292,0.5072227399813607,0.49974790307548933
60,8457261,3,14,0.21428571428571427,0.49971428571428567
61,8457297,9,21,0.42857142857142855,0.4987619047619047
62,8457384,1,2,0.5,0.4995
63,8457403,0,2,0.0,0.4815
64,8457421,0,1,0.0,0.515
65,8457921,263,546,0.4816849816849817,0.49917399267399276
66,8457981,870,1829,0.4756697648988518,0.4994909786768726
67,8458031,31,62,0.5,0.4970967741935484
68,8458069,1510,2989,0.5051856808297089,0.5000993643358984
69,8458125,1,9,0.1111111111111111,0.5028888888888889
70,8458172,0,2,0.0,0.486
71,8458192,753,1413,0.5329087048832272,0.4999058740268931
72,8458229,2058,4007,0.5136011979036685,0.49976091839281256
73,8458361,1647,3474,0.4740932642487047,0.4996007484168107
74,8458454,0,1,0.0,0.499
75,8458487,138,282,0.48936170212765956,0.501886524822695
76,8458494,1,1,1.0,0.497
77,8458515,387,721,0.536754507628294,0.49914285714285717
78,8458517,3,10,0.3,0.5005
79,8458519,0,1,0.0,0.505
80,8458520,958,1902,0.5036803364879074,0.5003007360672976
81,8458524,389,718,0.541782729805014,0.4995529247910864
82,8458525,598,1332,0.44894894894894893,0.5001816816816818
83,8458526,55,113,0.48672566371681414,0.4988407079646017
84,8458527,1,2,0.5,0.48050000000000004
85,8458529,151,333,0.45345345345345345,0.49957057057057075
86,8458530,6,16,0.375,0.5064375
87,8458532,20,52,0.38461538461538464,0.49773076923076925
88,8458534,25,71,0.352112676056338,0.5011830985915492
89,8458536,1043,2324,0.44879518072289154,0.4999823580034424
90,8458537,95,241,0.3941908713692946,0.4987510373443984
91,8458540,2,4,0.5,0.5065
92,8458541,3,3,1.0,0.49733333333333335
93,8458543,1,1,1.0,0.474
94,8458554,1277,2545,0.5017681728880157,0.5003371316306484
95,8458561,1359,2162,0.6285846438482886,0.5002284921369103
96,8458572,10,35,0.2857142857142857,0.5063428571428571
97,8458573,1586,3364,0.4714625445897741,0.5000915576694411
98,8458590,131,374,0.3502673796791444,0.4996122994652406
99,8458595,1,2,0.5,0.499
100,8458637,2,5,0.4,0.5065999999999999
101,8458682,11,30,0.36666666666666664,0.5000666666666667
102,8458715,2,2,1.0,0.4965
103,8458939,802,1643,0.4881314668289714,0.5004522215459526
104,8458943,58,131,0.44274809160305345,0.5023129770992366
105,8458951,1,1,1.0,0.48
106,8458954,1,3,0.3333333333333333,0.506
107,8458955,187,469,0.39872068230277186,0.4996140724946695
108,8458959,1,4,0.25,0.494
109,8458976,1870,3586,0.5214723926380368,0.5001073619631902
110,8458978,607,1276,0.475705329153605,0.5003565830721003
111,8458982,124,245,0.5061224489795918,0.4995020408163266
112,8458984,1,4,0.25,0.49225
113,8458996,0,9,0.0,0.5004444444444445
114,8459001,29,66,0.4393939393939394,0.5001818181818181
115,8459004,0,2,0.0,0.499
116,8459010,6,12,0.5,0.5051666666666667
117,8459019,5,12,0.4166666666666667,0.50075
118,8459024,16,93,0.17204301075268819,0.5008172043010752
119,8459053,2,2,1.0,0.488
120,8459064,1182,2393,0.493940660259089,0.5001587964897618
121,8459071,20,40,0.5,0.4998750000000001
122,8459094,912,2005,0.45486284289276807,0.5003975062344139
123,8459122,1784,3433,0.5196621031168075,0.5000506845324789
124,8459156,54,112,0.48214285714285715,0.5006607142857143
125,8459223,36,84,0.42857142857142855,0.5007857142857143
126,8459246,4,16,0.25,0.5035624999999999
127,8459284,941,1902,0.49474237644584645,0.49998212407991593
128,8459423,5,12,0.4166666666666667,0.49141666666666667
129,8459424,7,19,0.3684210526315789,0.5024736842105263
130,8459425,1256,2324,0.540447504302926,0.5005417383820998
131,8459426,5,28,0.17857142857142858,0.49710714285714286
132,8459427,920,1940,0.4742268041237113,0.5002118556701032
133,8459428,480,1122,0.42780748663101603,0.49972905525846706
134,8459429,3827,7662,0.49947794309579746,0.5000991908117984
135,8459430,2,11,0.18181818181818182,0.4963636363636363
136,8459431,14,41,0.34146341463414637,0.49914634146341463
137,8459433,1,3,0.3333333333333333,0.49133333333333334
138,8459439,439,876,0.5011415525114156,0.5003789954337899
139,8459441,0,3,0.0,0.5069999999999999
140,8459442,5986,11339,0.5279125143310698,0.49980359820089953
141,8459443,1,1,1.0,0.498
142,8459444,275,617,0.44570502431118314,0.5003144246353323
143,8459446,555,1152,0.4817708333333333,0.49999913194444445
144,8459450,41,110,0.37272727272727274,0.5014363636363637
145,8459454,80,207,0.3864734299516908,0.4989033816425121
146,8459455,210,616,0.3409090909090909,0.5004886363636364
147,8459457,99,232,0.4267241379310345,0.4971293103448276
148,8459458,0,1,0.0,0.503
149,8459461,2731,5501,0.49645518996546084,0.4995895291765135
150,8459462,0,1,0.0,0.488
151,8459466,2,3,0.6666666666666666,0.49566666666666664
152,8459469,1,2,0.5,0.485
153,8459479,32,115,0.2782608695652174,0.5004521739130435
154,8459486,0,1,0.0,0.511
155,8459492,850,1659,0.5123568414707655,0.49967088607594934
156,8459493,0,2,0.0,0.502
157,8459514,1686,3050,0.5527868852459017,0.4999577049180328
158,8459521,65,139,0.4676258992805755,0.49759712230215825
159,8459527,788,1522,0.5177398160315374,0.5002969776609724
160,8459534,312,582,0.5360824742268041,0.4995412371134021
161,8459538,0,1,0.0,0.498
162,8459547,102,238,0.42857142857142855,0.5001050420168066
163,8459571,311,619,0.5024232633279483,0.5000080775444264
164,8459574,80,149,0.5369127516778524,0.5008993288590604
165,8459587,2081,4113,0.5059567225869195,0.5003228786773645
166,8459596,35,86,0.4069767441860465,0.49953488372093013
167,8459615,37,75,0.49333333333333335,0.5022666666666666
168,8459628,0,2,0.0,0.5185
169,8459640,89,268,0.332089552238806,0.5012388059701492
170,8459648,882,1845,0.47804878048780486,0.49955555555555553
171,8459670,5,10,0.5,0.49379999999999996
172,8459687,2420,4121,0.5872361077408396,0.5001373453045377
173,8460051,1,1,1.0,0.471
174,8460105,1960,3791,0.5170139804800844,0.49972302822474285
175,8460254,1,1,1.0,0.487
176,8460465,276,585,0.4717948717948718,0.5003042735042736
177,8460484,11,23,0.4782608695652174,0.4960434782608696
178,8460492,0,2,0.0,0.492
179,8460495,167,294,0.5680272108843537,0.49917687074829936
180,8460496,548,1174,0.46678023850085176,0.500390119250426
181,8460498,61,130,0.46923076923076923,0.5002692307692308
182,8460500,0,1,0.0,0.477
183,8460501,14,34,0.4117647058823529,0.5001176470588234
184,8460502,0,1,0.0,0.502
185,8460503,0,2,0.0,0.5165
186,8460504,59,147,0.4013605442176871,0.49758503401360543
187,8460507,1324,2617,0.5059228123805884,0.5001276270538785
188,8460509,0,3,0.0,0.5003333333333333
189,8460517,0,1,0.0,0.499
190,8460527,1818,3341,0.5441484585453457,0.49998712960191555
191,8460533,721,1358,0.5309278350515464,0.4997268041237113
192,8460534,1005,1941,0.517774343122102,0.49958268933539407
193,8460540,2,9,0.2222222222222222,0.5037777777777779
194,8460541,1566,3131,0.5001596933886937,0.49968125199616736
195,8460542,2176,5074,0.42885297595585337,0.4999440283799763
196,8460548,0,1,0.0,0.509
197,8460555,1,3,0.3333333333333333,0.49733333333333335
198,8460556,445,952,0.46743697478991597,0.5000241596638656
199,8460561,3,3,1.0,0.5006666666666666
200,8460562,4017,7297,0.5505002055639304,0.5001973413731671
201,8460567,182,382,0.47643979057591623,0.500628272251309
202,8460577,189,461,0.40997830802603036,0.5003297180043385
203,8460579,4,16,0.25,0.49875
204,8460588,2,8,0.25,0.489125
205,8460595,18,45,0.4,0.49802222222222226
206,8460620,0,5,0.0,0.5006
207,8460621,110,309,0.3559870550161812,0.4986213592233009
208,8460626,1,3,0.3333333333333333,0.49533333333333335
209,8460639,2,5,0.4,0.5045999999999999
210,8460649,215,468,0.4594017094017094,0.4995726495726496
211,8460654,3,7,0.42857142857142855,0.49871428571428567
212,8460719,51,125,0.408,0.502088
213,8460720,7,22,0.3181818181818182,0.4899545454545455
214,8460733,11,20,0.55,0.49770000000000003
215,8460735,2,13,0.15384615384615385,0.5067692307692307
216,8460743,5,12,0.4166666666666667,0.5018333333333332
217,8460757,1,1,1.0,0.495
218,8460782,0,2,0.0,0.4875
219,8462033,2,2,1.0,0.517
220,8462034,1,1,1.0,0.479
221,8462035,171,357,0.4789915966386555,0.499515406162465
222,8462036,2819,6233,0.4522701748756618,0.5000369003690037
223,8462037,2,3,0.6666666666666666,0.5136666666666666
224,8462038,724,1625,0.44553846153846155,0.49966400000000005
225,8462041,48,144,0.3333333333333333,0.5026805555555556
226,8462042,1881,3637,0.5171844927137751,0.5002941985152598
227,8462045,0,4,0.0,0.504
228,8462051,0,2,0.0,0.49
229,8462060,6,22,0.2727272727272727,0.49859090909090914
230,8462061,765,1481,0.5165428764348413,0.500200540175557
231,8462062,9,15,0.6,0.5018
232,8462072,1,3,0.3333333333333333,0.48833333333333323
233,8462077,1487,3463,0.4293964770430263,0.4997588795841756
234,8462081,1,8,0.125,0.501125
235,8462082,94,244,0.38524590163934425,0.4984754098360656
236,8462084,5,22,0.22727272727272727,0.4976363636363636
237,8462093,28,74,0.3783783783783784,0.49947297297297294
238,8462094,18,39,0.46153846153846156,0.4992307692307692
239,8462105,382,788,0.4847715736040609,0.4993857868020304
240,8462114,43,113,0.3805309734513274,0.501362831858407
241,8462118,3429,6769,0.5065740877529916,0.4998852119958635
242,8462129,4644,9140,0.5080962800875274,0.49979442013129094
243,8462136,1,4,0.25,0.5
244,8462149,43,77,0.5584415584415584,0.5021428571428572
245,8462159,564,1086,0.5193370165745856,0.5003922651933701
246,8462176,1,3,0.3333333333333333,0.49366666666666664
247,8462182,363,694,0.5230547550432276,0.4997406340057637
248,8462185,3,12,0.25,0.5055833333333334
249,8462196,1,1,1.0,0.494
250,8462197,567,1110,0.5108108108108108,0.5001873873873874
251,8462209,57,157,0.3630573248407643,0.5024458598726114
252,8462225,0,5,0.0,0.5098
253,8462419,1,6,0.16666666666666666,0.5063333333333334
254,8462535,8,30,0.26666666666666666,0.5020333333333332
255,8462823,1500,3040,0.4934210526315789,0.49982467105263156
256,8463638,1,1,1.0,0.493
257,8464956,0,4,0.0,0.49824999999999997
258,8464957,9,36,0.25,0.50025
259,8464960,120,338,0.35502958579881655,0.5013609467455622
260,8464962,2,3,0.6666666666666666,0.501
261,8464966,3,7,0.42857142857142855,0.5037142857142857
262,8464967,3558,6736,0.5282066508313539,0.4997063539192399
263,8464968,111,282,0.39361702127659576,0.49879787234042555
264,8464975,2783,5621,0.49510763209393344,0.5000446539761608
265,8464977,2633,5263,0.5002850085502565,0.4999215276458295
266,8464979,43,103,0.4174757281553398,0.49996116504854365
267,8464981,0,3,0.0,0.49700000000000005
268,8464983,4,10,0.4,0.4988
269,8464984,186,456,0.40789473684210525,0.5007214912280702
270,8464989,7499,14148,0.5300395815662992,0.5001639100932994
271,8464994,883,1745,0.5060171919770774,0.5002332378223495
272,8464998,108,261,0.41379310344827586,0.49902298850574717
273,8465003,43,81,0.5308641975308642,0.5001234567901235
274,8465005,0,1,0.0,0.492
275,8465009,15,38,0.39473684210526316,0.4974210526315789
276,8465012,1,4,0.25,0.5005
277,8465016,0,2,0.0,0.4775
278,8465018,133,254,0.5236220472440944,0.4990590551181102
279,8465024,17,45,0.37777777777777777,0.49717777777777783
280,8465025,55,135,0.4074074074074074,0.4994444444444444
281,8465026,15,50,0.3,0.4986
282,8465028,1,4,0.25,0.488
283,8465041,306,628,0.4872611464968153,0.4992961783439491
284,8465042,0,1,0.0,0.506
285,8465050,4461,8449,0.5279914782814534,0.500235294117647
286,8465056,302,534,0.5655430711610487,0.500056179775281
287,8465058,1,8,0.125,0.505375
288,8465059,74,170,0.43529411764705883,0.4991176470588235
289,8465113,172,384,0.4479166666666667,0.49987760416666666
290,8465122,1,2,0.5,0.494
291,8465166,792,1813,0.4368450082735797,0.4998036403750689
292,8465168,1,1,1.0,0.483
293,8465170,105,268,0.3917910447761194,0.4993544776119403
294,8465175,275,615,0.44715447154471544,0.5007821138211382
295,8465180,15,29,0.5172413793103449,0.5043793103448276
296,8465185,0,2,0.0,0.5015000000000001
297,8465189,500,1094,0.4570383912248629,0.5003135283363802
298,8465192,4758,8980,0.5298440979955457,0.4998257238307349
299,8465200,1,2,0.5,0.5185
300,8465210,0,3,0.0,0.478
301,8465220,13,28,0.4642857142857143,0.49825
302,8465250,1,2,0.5,0.498
303,8465253,237,552,0.42934782608695654,0.5002735507246377
304,8465951,95,237,0.4008438818565401,0.49849367088607593
305,8465968,1090,2263,0.48166151126822804,0.500061422889969
306,8465978,94,217,0.43317972350230416,0.5011981566820276
307,8465992,0,1,0.0,0.509
308,8466035,10,42,0.23809523809523808,0.49847619047619046
309,8466109,118,280,0.42142857142857143,0.5004535714285714
310,8466110,704,1322,0.5325264750378215,0.49987367624810897
311,8466138,11417,21437,0.5325838503521948,0.4998784811307553
312,8466139,4139,8182,0.5058665362991933,0.5005345881202641
313,8466140,4439,9680,0.45857438016528923,0.5002395661157025
314,8466144,1,4,0.25,0.49724999999999997
315,8466145,1,2,0.5,0.523
316,8466147,176,410,0.4292682926829268,0.4995926829268292
317,8466148,40,118,0.3389830508474576,0.4997203389830509
318,8466149,617,1271,0.4854445318646735,0.4996703383162864
319,8466153,103,246,0.4186991869918699,0.5006788617886179
320,8466158,4,5,0.8,0.5014000000000001
321,8466160,95,260,0.36538461538461536,0.5009307692307692
322,8466162,6,18,0.3333333333333333,0.5058888888888888
323,8466174,16,35,0.45714285714285713,0.5024285714285713
324,8466181,25,83,0.30120481927710846,0.4983132530120482
325,8466182,1,2,0.5,0.489
326,8466184,24,35,0.6857142857142857,0.49951428571428574
327,8466197,2,9,0.2222222222222222,0.5007777777777778
328,8466200,3,15,0.2,0.5050666666666667
329,8466202,7,31,0.22580645161290322,0.4982903225806452
330,8466208,1,2,0.5,0.4905
331,8466209,0,4,0.0,0.5005
332,8466210,3,9,0.3333333333333333,0.5023333333333333
333,8466212,1,1,1.0,0.476
334,8466215,0,1,0.0,0.497
335,8466216,579,1207,0.47970173985086995,0.4993744821872411
336,8466230,1,2,0.5,0.504
337,8466232,6,13,0.46153846153846156,0.5023846153846153
338,8466240,13,53,0.24528301886792453,0.501245283018868
339,8466251,283,595,0.4756302521008403,0.49843697478991594
340,8466260,19,50,0.38,0.4993
341,8466266,1019,2187,0.46593507087334246,0.500459076360311
342,8466271,0,1,0.0,0.532
343,8466285,0,1,0.0,0.509
344,8466292,9,32,0.28125,0.49703125
345,8466300,878,1788,0.49105145413870244,0.49929642058165546
346,8466304,87,203,0.42857142857142855,0.4979901477832512
347,8466316,14,59,0.23728813559322035,0.5001525423728813
348,8466317,0,1,0.0,0.489
349,8466320,1,5,0.2,0.5074
350,8466333,5,11,0.45454545454545453,0.5028181818181817
351,8466343,345,650,0.5307692307692308,0.4996692307692308
352,8466345,7,26,0.2692307692307692,0.5026923076923077
353,8466357,462,1000,0.462,0.500457
354,8466371,4195,8126,0.5162441545655919,0.5001778242677825
355,8466378,305,734,0.41553133514986373,0.4986226158038148
356,8466392,2599,5233,0.4966558379514619,0.5003135868526657
357,8466393,184,516,0.35658914728682173,0.49987403100775196
358,8466394,14,24,0.5833333333333334,0.5004166666666666
359,8466398,98,313,0.31309904153354634,0.5007348242811502
360,8466399,698,1337,0.5220643231114436,0.49908975317875837
361,8466421,266,556,0.4784172661870504,0.5005791366906475
362,8467055,485,1038,0.46724470134874757,0.4999942196531791
363,8467096,0,8,0.0,0.49925
364,8467304,0,1,0.0,0.503
365,8467323,340,735,0.46258503401360546,0.4999700680272109
366,8467329,6160,12319,0.5000405877100415,0.5000705414400519
367,8467330,4826,10174,0.47434637310792216,0.49998132494594066
368,8467331,2,7,0.2857142857142857,0.48928571428571427
369,8467332,0,1,0.0,0.533
370,8467333,101,234,0.43162393162393164,0.49802136752136755
371,8467334,5546,9425,0.5884350132625995,0.49996201591511924
372,8467335,639,1343,0.4758004467609829,0.49935443037974686
373,8467336,463,953,0.4858342077649528,0.49995068205666315
374,8467338,184,481,0.38253638253638256,0.5002598752598753
375,8467342,1,2,0.5,0.504
376,8467344,1,3,0.3333333333333333,0.5083333333333334
377,8467346,47,121,0.3884297520661157,0.49838016528925616
378,8467348,0,1,0.0,0.502
379,8467350,0,1,0.0,0.52
380,8467351,5127,10142,0.505521593374088,0.5001759021889174
381,8467352,1,1,1.0,0.485
382,8467353,1417,3274,0.43280390959071474,0.5000925473427
383,8467354,1,1,1.0,0.501
384,8467355,4,8,0.5,0.496
385,8467356,0,1,0.0,0.523
386,8467357,23,86,0.26744186046511625,0.49766279069767444
387,8467361,2779,5465,0.5085086916742909,0.4999709057639524
388,8467369,0,1,0.0,0.517
389,8467370,7666,14932,0.51339405304045,0.5000032145727298
390,8467371,4855,11012,0.44088267344714854,0.5002399200871777
391,8467386,483,981,0.4923547400611621,0.5003944954128441
392,8467387,0,1,0.0,0.497
393,8467389,6211,12339,0.5033633195558798,0.49985193289569657
394,8467392,1,2,0.5,0.4975
395,8467393,22,77,0.2857142857142857,0.5018571428571429
396,8467396,128,362,0.35359116022099446,0.49990055248618787
397,8467397,10,36,0.2777777777777778,0.5034166666666667
398,8467400,5,11,0.45454545454545453,0.5026363636363637
399,8467407,378,916,0.4126637554585153,0.5008002183406114
400,8467412,37,105,0.3523809523809524,0.49866666666666665
401,8467416,946,1750,0.5405714285714286,0.5003531428571428
402,8467423,5681,11258,0.5046189376443418,0.4997686089891632
403,8467427,0,1,0.0,0.477
404,8467428,8,27,0.2962962962962963,0.4973703703703703
405,8467444,7,12,0.5833333333333334,0.494
406,8467452,0,2,0.0,0.4655
407,8467463,47,134,0.35074626865671643,0.5015149253731344
408,8467466,32,130,0.24615384615384617,0.5019230769230769
409,8467469,0,1,0.0,0.506
410,8467478,0,1,0.0,0.527
411,8467483,1201,2599,0.4621008080030781,0.4998684109272797
412,8467488,28,73,0.3835616438356164,0.5036438356164383
413,8467491,225,506,0.44466403162055335,0.500794466403162
414,8467493,22,57,0.38596491228070173,0.5002807017543859
415,8467496,0,2,0.0,0.4815
416,8467502,174,390,0.4461538461538462,0.49998974358974363
417,8467514,6460,11840,0.5456081081081081,0.500019510135135
418,8467516,1254,2410,0.5203319502074689,0.5000315352697094
419,8467519,0,1,0.0,0.483
420,8467531,0,1,0.0,0.485
421,8467535,3,3,1.0,0.49566666666666664
422,8467543,379,841,0.450653983353151,0.5002627824019025
423,8467545,86,208,0.41346153846153844,0.4998942307692309
424,8467557,57,175,0.32571428571428573,0.5005771428571428
425,8467564,24,63,0.38095238095238093,0.5014285714285713
426,8467565,358,688,0.5203488372093024,0.5000436046511628
427,8467579,0,1,0.0,0.488
428,8467580,1,1,1.0,0.503
429,8467831,3768,6968,0.5407577497129736,0.4995634328358209
430,8467844,214,461,0.4642082429501085,0.4995010845986985
431,8467856,0,1,0.0,0.507
432,8467857,142,255,0.5568627450980392,0.49966666666666665
433,8467875,129,357,0.36134453781512604,0.5000252100840337
434,8467876,8470,17288,0.48993521517815825,0.5000573808422027
435,8467877,0,1,0.0,0.5
436,8467878,2066,4504,0.4587033747779751,0.4998048401420959
437,8467880,561,1124,0.4991103202846975,0.5000551601423487
438,8467881,54,142,0.38028169014084506,0.4995422535211268
439,8467882,701,1326,0.528657616892911,0.49974434389140265
440,8467883,1,1,1.0,0.465
441,8467884,11,36,0.3055555555555556,0.4972222222222222
442,8467886,47,106,0.44339622641509435,0.4998584905660377
443,8467890,0,2,0.0,0.4845
444,8467891,3,14,0.21428571428571427,0.5001428571428572
445,8467899,25,87,0.28735632183908044,0.500367816091954
446,8467905,1,10,0.1,0.4953999999999999
447,8467908,0,1,0.0,0.496
448,8467909,0,2,0.0,0.508
449,8467914,0,1,0.0,0.504
450,8467915,2,5,0.4,0.4885999999999999
451,8467924,6,14,0.42857142857142855,0.4959285714285714
452,8467925,1800,3288,0.5474452554744526,0.5001462895377129
453,8467937,980,1702,0.5757931844888367,0.5001609870740306
454,8467943,33,134,0.2462686567164179,0.5004402985074626
455,8467951,7,22,0.3181818181818182,0.4995909090909091
456,8467956,0,1,0.0,0.507
457,8467962,13,27,0.48148148148148145,0.5014814814814814
458,8467964,1411,2966,0.47572488199595414,0.49950236008091703
459,8467966,30,71,0.4225352112676056,0.4990422535211268
460,8467967,3579,7294,0.4906772689882095,0.4999011516314779
461,8467969,27,68,0.39705882352941174,0.5012058823529413
462,8467974,10,33,0.30303030303030304,0.49500000000000005
463,8467977,3,5,0.6,0.5006
464,8467988,506,1295,0.3907335907335907,0.4993444015444015
465,8468001,2816,5318,0.529522376833396,0.4997747273411056
466,8468028,3,10,0.3,0.5111
467,8468055,0,1,0.0,0.5
468,8468064,290,701,0.4136947218259629,0.4996262482168331
469,8468083,6881,13464,0.5110665478312537,0.4999787581699347
470,8468085,108,296,0.36486486486486486,0.4997094594594596
471,8468086,2,6,0.3333333333333333,0.4925
472,8468094,0,1,0.0,0.509
473,8468095,5,25,0.2,0.49852
474,8468101,1,2,0.5,0.4945
475,8468103,5,15,0.3333333333333333,0.4964666666666667
476,8468113,1,1,1.0,0.487
477,8468114,1,3,0.3333333333333333,0.47933333333333333
478,8468118,79,139,0.5683453237410072,0.5015107913669065
479,8468121,2,5,0.4,0.5024
480,8468123,18,46,0.391304347826087,0.49823913043478263
481,8468153,35,55,0.6363636363636364,0.5006181818181819
482,8468161,3,7,0.42857142857142855,0.5065714285714285
483,8468162,2961,5355,0.5529411764705883,0.5000689075630252
484,8468172,143,372,0.3844086021505376,0.5012016129032257
485,8468208,1012,2150,0.47069767441860466,0.5001706976744186
486,8468213,1,1,1.0,0.505
487,8468224,283,604,0.4685430463576159,0.49984933774834434
488,8468252,2,4,0.5,0.491
489,8468309,4,16,0.25,0.50475
490,8468432,2185,4470,0.4888143176733781,0.5001677852348992
491,8468434,2522,4515,0.5585825027685493,0.4998834994462902
492,8468443,27,102,0.2647058823529412,0.49931372549019615
493,8468463,59,134,0.44029850746268656,0.5004850746268655
494,8468466,26,59,0.4406779661016949,0.5008983050847458
495,8468478,4,7,0.5714285714285714,0.5017142857142857
496,8468482,227,472,0.4809322033898305,0.4998241525423729
497,8468483,14,60,0.23333333333333334,0.5006666666666667
498,8468484,8,11,0.7272727272727273,0.5000909090909091
499,8468485,125,284,0.44014084507042256,0.500718309859155
500,8468486,168,413,0.4067796610169492,0.49935593220338986
501,8468488,3,13,0.23076923076923078,0.5052307692307693
502,8468490,61,159,0.3836477987421384,0.4999433962264151
503,8468491,3,8,0.375,0.4985
504,8468493,6,8,0.75,0.504625
505,8468496,8,40,0.2,0.50145
506,8468498,1,1,1.0,0.523
507,8468499,132,252,0.5238095238095238,0.5013253968253968
508,8468500,24,64,0.375,0.502
509,8468503,75,142,0.528169014084507,0.5012394366197184
510,8468504,1127,2346,0.4803921568627451,0.4998976982097187
511,8468505,3204,5835,0.5491002570694088,0.5003379605826906
512,8468506,1099,2281,0.48180622533976325,0.5000372643577379
513,8468508,708,1723,0.4109112013929193,0.4995658734764945
514,8468509,2,2,1.0,0.498
515,8468510,157,342,0.4590643274853801,0.4996520467836256
516,8468513,2,5,0.4,0.4998
517,8468515,38,81,0.4691358024691358,0.5013456790123457
518,8468517,301,703,0.42816500711237554,0.49994310099573264
519,8468518,450,985,0.45685279187817257,0.49980304568527917
520,8468520,3,4,0.75,0.49824999999999997
521,8468523,29,112,0.25892857142857145,0.49849107142857146
522,8468526,7371,13300,0.5542105263157895,0.49983097744360905
523,8468529,8,27,0.2962962962962963,0.5012222222222221
524,8468532,218,422,0.5165876777251185,0.5008530805687205
525,8468534,0,4,0.0,0.495
526,8468535,9422,16587,0.5680352082956532,0.499950623982637
527,8468548,193,391,0.4936061381074169,0.49956777493606136
528,8468560,8,20,0.4,0.50695
529,8468566,14,34,0.4117647058823529,0.5015882352941177
530,8468568,0,1,0.0,0.462
531,8468575,5546,10393,0.533628403733282,0.4999953815067834
532,8468577,0,3,0.0,0.5033333333333334
533,8468598,5,17,0.29411764705882354,0.4945882352941176
534,8468604,28,67,0.417910447761194,0.49619402985074623
535,8468611,1366,2573,0.5308977846871357,0.5000322580645161
536,8468613,0,1,0.0,0.488
537,8468634,7,13,0.5384615384615384,0.49815384615384617
538,8468635,52,140,0.37142857142857144,0.5013428571428572
539,8468636,0,1,0.0,0.514
540,8468639,4,5,0.8,0.5052000000000001
541,8468647,0,7,0.0,0.5041428571428571
542,8468660,1,4,0.25,0.489
543,8468674,1,1,1.0,0.496
544,8468695,2355,4743,0.4965211891208096,0.5000212945393211
545,8468700,6007,10657,0.5636670732851646,0.5002170404429014
546,8468704,125,303,0.41254125412541254,0.49864356435643564
547,8468707,0,1,0.0,0.479
548,8468714,27,61,0.4426229508196721,0.49781967213114753
549,8468732,2,2,1.0,0.5055
550,8468770,3,6,0.5,0.5033333333333333
551,8468778,7,25,0.28,0.50332
552,8468786,1,2,0.5,0.5195
553,8468789,444,971,0.4572605561277034,0.4993171987641607
554,8468846,2,3,0.6666666666666666,0.48766666666666664
555,8468868,31,67,0.4626865671641791,0.5013582089552238
556,8468881,128,270,0.4740740740740741,0.49971851851851856
557,8468884,1,1,1.0,0.477
558,8468887,383,693,0.5526695526695526,0.5004256854256853
559,8468927,0,3,0.0,0.5116666666666667
560,8469044,1,5,0.2,0.504
561,8469120,0,1,0.0,0.476
562,8469454,198,533,0.3714821763602251,0.49998311444652915
563,8469455,10918,20179,0.5410575350612022,0.49991897517220873
564,8469456,472,928,0.5086206896551724,0.5002747844827586
565,8469457,4744,9250,0.5128648648648648,0.49976810810810796
566,8469458,10,34,0.29411764705882354,0.502
567,8469459,13816,25687,0.5378596177054541,0.5000431735897535
568,8469460,0,1,0.0,0.499
569,8469462,586,1413,0.41472045293701343,0.5002101910828025
570,8469464,17,86,0.19767441860465115,0.5007906976744186
571,8469465,0,2,0.0,0.484
572,8469466,26,76,0.34210526315789475,0.5023026315789473
573,8469467,89,269,0.3308550185873606,0.4984275092936803
574,8469469,1492,3061,0.48742241097680494,0.5000218882718066
575,8469470,1,2,0.5,0.5065
576,8469472,1,7,0.14285714285714285,0.4935714285714285
577,8469473,4099,7774,0.5272703884744019,0.5000600720349884
578,8469474,54,167,0.32335329341317365,0.5014970059880239
579,8469475,840,1749,0.48027444253859347,0.5000285877644368
580,8469478,2,13,0.15384615384615385,0.5052307692307693
581,8469483,3113,5340,0.5829588014981273,0.49985355805243453
582,8469485,4884,9996,0.4885954381752701,0.4998916566626652
583,8469486,0,2,0.0,0.518
584,8469489,0,1,0.0,0.479
585,8469490,56,123,0.45528455284552843,0.5018292682926829
586,8469492,4,9,0.4444444444444444,0.5001111111111112
587,8469499,9,22,0.4090909090909091,0.4971363636363636
588,8469500,1639,3164,0.5180151706700379,0.5001482300884956
589,8469501,374,712,0.5252808988764045,0.501310393258427
590,8469506,729,1571,0.464035646085296,0.5001820496499045
591,8469508,5734,11066,0.5181637448039038,0.49981483824326767
592,8469516,0,1,0.0,0.494
593,8469521,9599,19245,0.4987789036113276,0.5000195895037671
594,8469528,127,289,0.43944636678200694,0.5007404844290657
595,8469542,55,171,0.3216374269005848,0.4994385964912281
596,8469543,1,4,0.25,0.5025
597,8469544,2370,4846,0.4890631448617416,0.500427156417664
598,8469546,1,2,0.5,0.508
599,8469547,37,77,0.4805194805194805,0.4988181818181819
600,8469555,0,1,0.0,0.491
601,8469568,4,11,0.36363636363636365,0.504
602,8469575,1,10,0.1,0.5042
603,8469581,1687,3047,0.5536593370528389,0.5004023629799803
604,8469582,10,21,0.47619047619047616,0.5054285714285714
605,8469584,421,907,0.46416758544652703,0.5004057331863285
606,8469587,142,275,0.5163636363636364,0.5001563636363636
607,8469591,440,1010,0.43564356435643564,0.5002029702970298
608,8469598,1,2,0.5,0.518
609,8469619,1,3,0.3333333333333333,0.48633333333333334
610,8469622,122,298,0.40939597315436244,0.4988624161073826
611,8469623,0,1,0.0,0.504
612,8469626,2,6,0.3333333333333333,0.49800000000000005
613,8469629,27,60,0.45,0.4983666666666667
614,8469638,2366,4420,0.5352941176470588,0.49994773755656113
615,8469639,2944,6105,0.48222768222768225,0.49984193284193285
616,8469656,1,1,1.0,0.495
617,8469664,335,796,0.42085427135678394,0.49985427135678384
618,8469665,1,1,1.0,0.5
619,8469666,10,29,0.3448275862068966,0.4967931034482759
620,8469670,3,12,0.25,0.4990833333333333
621,8469672,12,34,0.35294117647058826,0.49873529411764705
622,8469681,64,147,0.43537414965986393,0.4998979591836736
623,8469684,0,2,0.0,0.49
624,8469685,127,291,0.436426116838488,0.4990721649484537
625,8469696,712,1427,0.4989488437281009,0.49985984583041343
626,8469707,50,165,0.30303030303030304,0.4982727272727273
627,8469720,3,12,0.25,0.4970833333333334
628,8469733,40,87,0.45977011494252873,0.49885057471264366
629,8469752,15,38,0.39473684210526316,0.5002105263157894
630,8469755,3,11,0.2727272727272727,0.49945454545454543
631,8469759,5282,10118,0.5220399288396916,0.49976092113065823
632,8469760,2,2,1.0,0.491
633,8469770,1,4,0.25,0.4955
634,8469779,493,1081,0.45605920444033304,0.5002395929694727
635,8469786,5,6,0.8333333333333334,0.5103333333333334
636,8469795,6,33,0.18181818181818182,0.49927272727272737
637,8469805,0,2,0.0,0.4815
638,8469807,0,2,0.0,0.5085
639,8469812,68,202,0.33663366336633666,0.5021633663366336
640,8469820,1826,3069,0.5949820788530465,0.4999253828608668
641,8469844,0,1,0.0,0.48
642,8469847,0,1,0.0,0.502
643,8469992,0,1,0.0,0.479
644,8469994,0,2,0.0,0.502
645,8469997,191,414,0.4613526570048309,0.5003599033816425
646,8470001,224,491,0.45621181262729127,0.49883095723014254
647,8470004,2,11,0.18181818181818182,0.5014545454545455
648,8470005,159,322,0.4937888198757764,0.4989596273291925
649,8470018,665,1402,0.4743223965763195,0.5004222539229672
650,8470030,102,220,0.4636363636363636,0.49935
651,8470039,354,830,0.42650602409638555,0.49899999999999994
652,8470041,137,348,0.3936781609195402,0.5001695402298851
653,8470047,8710,17363,0.5016414214133502,0.5000373207395035
654,8470054,0,1,0.0,0.497
655,8470061,0,2,0.0,0.5065
656,8470063,880,1717,0.512521840419336,0.49983576004659286
657,8470064,7,13,0.5384615384615384,0.5011538461538462
658,8470065,202,434,0.46543778801843316,0.5001428571428572
659,8470072,187,387,0.48320413436692505,0.5004005167958656
660,8470076,1,1,1.0,0.498
661,8470086,0,1,0.0,0.494
662,8470105,138,317,0.4353312302839117,0.4991009463722397
663,8470110,1,3,0.3333333333333333,0.49300000000000005
664,8470113,29,68,0.4264705882352941,0.5017647058823529
665,8470120,49,161,0.30434782608695654,0.5013478260869565
666,8470121,1,2,0.5,0.493
667,8470123,5,11,0.45454545454545453,0.49699999999999994
668,8470131,63,140,0.45,0.4997142857142858
669,8470134,85,206,0.41262135922330095,0.5001601941747573
670,8470144,7805,16136,0.4837010411502231,0.5001655304908279
671,8470151,3,5,0.6,0.5046
672,8470152,16,49,0.32653061224489793,0.49902040816326526
673,8470153,54,137,0.39416058394160586,0.4989927007299271
674,8470156,36,119,0.3025210084033613,0.4984789915966386
675,8470159,5630,10015,0.5621567648527209,0.500155267099351
676,8470162,5594,11350,0.49286343612334804,0.5000221145374448
677,8470165,2,8,0.25,0.505625
678,8470169,3275,6675,0.49063670411985016,0.5001084644194757
679,8470171,2388,5183,0.4607370248890604,0.4999506077561258
680,8470176,70,161,0.43478260869565216,0.49890683229813665
681,8470180,229,537,0.4264432029795158,0.4998230912476722
682,8470185,1,5,0.2,0.5174
683,8470187,3,4,0.75,0.512
684,8470189,16,50,0.32,0.5025999999999999
685,8470192,2,3,0.6666666666666666,0.5053333333333333
686,8470199,0,3,0.0,0.48333333333333334
687,8470201,114,289,0.3944636678200692,0.4994498269896194
688,8470203,10,18,0.5555555555555556,0.4947222222222222
689,8470207,122,314,0.3885350318471338,0.4991656050955415
690,8470222,0,3,0.0,0.5126666666666667
691,8470223,164,368,0.44565217391304346,0.5014619565217392
692,8470225,1,6,0.16666666666666666,0.48616666666666664
693,8470230,46,129,0.35658914728682173,0.49945736434108523
694,8470232,105,225,0.4666666666666667,0.4997422222222222
695,8470244,41,94,0.43617021276595747,0.5017553191489361
696,8470248,3,9,0.3333333333333333,0.5002222222222222
697,8470257,1339,3037,0.44089562067830096,0.4997438261442212
698,8470267,5,24,0.20833333333333334,0.4999166666666666
699,8470268,1,1,1.0,0.495
700,8470273,1,1,1.0,0.493
701,8470274,245,583,0.4202401372212693,0.5002692967409949
702,8470280,3,13,0.23076923076923078,0.5007692307692307
703,8470281,0,1,0.0,0.506
704,8470282,86,151,0.5695364238410596,0.5003907284768213
705,8470283,866,1708,0.5070257611241218,0.5001896955503513
706,8470289,2646,4721,0.5604744757466639,0.5002692226223258
707,8470294,3,9,0.3333333333333333,0.5002222222222222
708,8470295,2,6,0.3333333333333333,0.501
709,8470299,1720,3249,0.5293936595875655,0.49975469375192366
710,8470301,4,9,0.4444444444444444,0.5054444444444445
711,8470302,209,593,0.3524451939291737,0.4997892074198988
712,8470305,0,2,0.0,0.505
713,8470309,1,7,0.14285714285714285,0.49314285714285716
714,8470318,1,1,1.0,0.491
715,8470321,120,246,0.4878048780487805,0.4989756097560975
716,8470324,0,3,0.0,0.5033333333333333
717,8470329,0,1,0.0,0.508
718,8470330,3,8,0.375,0.5036250000000001
719,8470336,1,2,0.5,0.5095
720,8470358,204,488,0.4180327868852459,0.4990860655737705
721,8470366,154,327,0.4709480122324159,0.501782874617737
722,8470370,0,1,0.0,0.501
723,8470373,62,151,0.4105960264900662,0.49975496688741716
724,8470375,83,182,0.45604395604395603,0.4998296703296703
725,8470383,2,2,1.0,0.497
726,8470543,113,280,0.4035714285714286,0.49999285714285713
727,8470549,3,5,0.6,0.49399999999999994
728,8470564,1,8,0.125,0.5061249999999999
729,8470574,2,6,0.3333333333333333,0.4995
730,8470575,2,10,0.2,0.49929999999999997
731,8470580,21,68,0.3088235294117647,0.4991323529411764
732,8470595,12836,26246,0.4890650003810104,0.5000104015850034
733,8470596,498,1114,0.44703770197486536,0.4996588868940755
734,8470597,21,85,0.24705882352941178,0.5010117647058824
735,8470598,131,394,0.33248730964467005,0.49856345177664974
736,8470599,56,140,0.4,0.49840714285714277
737,8470600,5,8,0.625,0.4935
738,8470601,0,1,0.0,0.52
739,8470602,0,1,0.0,0.488
740,8470603,12,42,0.2857142857142857,0.5007142857142858
741,8470604,10715,21217,0.5050195597869633,0.5000279964179667
742,8470606,259,653,0.39663093415007655,0.49987442572741203
743,8470607,1,6,0.16666666666666666,0.4931666666666666
744,8470608,22,61,0.36065573770491804,0.5030655737704918
745,8470609,52,168,0.30952380952380953,0.49866071428571435
746,8470610,486,1107,0.43902439024390244,0.4997127371273712
747,8470611,2425,4814,0.5037390943082676,0.49969048608226013
748,8470612,11619,23295,0.49877656149388283,0.5001308435286542
749,8470613,80,180,0.4444444444444444,0.5001444444444444
750,8470614,1,2,0.5,0.4885
751,8470615,477,1009,0.47274529236868185,0.4999563924677899
752,8470616,11968,21853,0.547659360270901,0.4999449503500663
753,8470617,6038,12152,0.4968729427254773,0.49991375905200797
754,8470618,11,39,0.28205128205128205,0.5009230769230769
755,8470619,5712,11268,0.5069222577209798,0.4998973198438055
756,8470620,23,49,0.46938775510204084,0.49971428571428567
757,8470621,107,359,0.298050139275766,0.5000640668523676
758,8470622,51,136,0.375,0.49783088235294126
759,8470625,10,26,0.38461538461538464,0.49746153846153846
760,8470626,69,181,0.3812154696132597,0.5019171270718232
761,8470629,1,2,0.5,0.503
762,8470630,0,1,0.0,0.484
763,8470631,1287,2483,0.518324607329843,0.4996081353201772
764,8470634,1,1,1.0,0.491
765,8470635,15,36,0.4166666666666667,0.503361111111111
766,8470636,39,88,0.4431818181818182,0.5029772727272728
767,8470637,0,1,0.0,0.483
768,8470638,19709,34288,0.5748075128324779,0.4998493350443303
769,8470639,378,781,0.4839948783610755,0.49987323943661965
770,8470640,1,3,0.3333333333333333,0.49866666666666665
771,8470642,0,4,0.0,0.49975
772,8470644,17,39,0.4358974358974359,0.5003589743589744
773,8470647,51,164,0.31097560975609756,0.49786585365853664
774,8470648,10,23,0.43478260869565216,0.5056521739130434
775,8470649,399,942,0.42356687898089174,0.4997346072186836
776,8470651,182,334,0.5449101796407185,0.49924850299401197
777,8470652,0,1,0.0,0.488
778,8470654,2703,5336,0.506559220389805,0.49982852323838084
779,8470655,5662,11231,0.5041403258837147,0.5002100436292405
780,8470661,7,23,0.30434782608695654,0.49721739130434783
781,8470662,1263,2692,0.46916790490341753,0.5001129271916791
782,8470666,21,37,0.5675675675675675,0.496054054054054
783,8470667,215,535,0.40186915887850466,0.4999028037383177
784,8470674,0,9,0.0,0.5075555555555555
785,8470680,539,1175,0.45872340425531916,0.49945361702127655
786,8470685,1,1,1.0,0.511
787,8470687,114,237,0.4810126582278481,0.5007257383966245
788,8470697,217,459,0.47276688453159044,0.49934858387799563
789,8470699,3,6,0.5,0.5076666666666666
790,8470700,28,71,0.39436619718309857,0.5006901408450705
791,8470705,10,44,0.22727272727272727,0.49827272727272726
792,8470708,2,3,0.6666666666666666,0.4923333333333333
793,8470713,3,8,0.375,0.49775
794,8470719,116,242,0.4793388429752066,0.4999132231404958
795,8470724,0,2,0.0,0.4995
796,8470735,7,16,0.4375,0.4955
797,8470737,7,10,0.7,0.5015
798,8470740,90,283,0.31802120141342755,0.4989858657243815
799,8470741,1,4,0.25,0.50675
800,8470743,0,1,0.0,0.492
801,8470744,16,31,0.5161290322580645,0.5023225806451612
802,8470750,2426,4779,0.5076375810839088,0.500040594266583
803,8470755,6674,12650,0.5275889328063241,0.4999933596837944
804,8470760,0,1,0.0,0.505
805,8470774,0,1,0.0,0.499
806,8470775,7375,13710,0.5379285193289569,0.5000477753464624
807,8470777,1,3,0.3333333333333333,0.504
808,8470778,51,168,0.30357142857142855,0.49864285714285717
809,8470794,11017,20274,0.5434053467495314,0.49986682450429115
810,8470803,6699,13393,0.5001866646755768,0.5000036586276414
811,8470804,1,1,1.0,0.495
812,8470809,0,6,0.0,0.5031666666666667
813,8470816,2,8,0.25,0.503625
814,8470821,6,14,0.42857142857142855,0.5040714285714285
815,8470828,2,3,0.6666666666666666,0.478
816,8470834,3,19,0.15789473684210525,0.4986315789473684
817,8470838,1,1,1.0,0.479
818,8470850,1,4,0.25,0.4965
819,8470852,29,63,0.4603174603174603,0.4980476190476191
820,8470854,121,312,0.38782051282051283,0.5000897435897436
821,8470867,3,11,0.2727272727272727,0.4990909090909091
822,8470871,64,150,0.4266666666666667,0.5001533333333333
823,8470876,14,38,0.3684210526315789,0.5010263157894738
824,8470877,115,249,0.46184738955823296,0.5012489959839357
825,8470882,121,228,0.5307017543859649,0.4978728070175439
826,8470905,1,2,0.5,0.478
827,8470920,191,502,0.3804780876494024,0.4995876494023905
828,8470937,25,53,0.4716981132075472,0.5007358490566038
829,8470970,56,125,0.448,0.500472
830,8470986,298,622,0.4790996784565916,0.4998826366559485
831,8471185,192,441,0.43537414965986393,0.5006485260770974
832,8471187,1,6,0.16666666666666666,0.5001666666666666
833,8471208,549,1189,0.46173254835996635,0.4999125315391085
834,8471214,67,185,0.3621621621621622,0.5012918918918919
835,8471215,7725,16864,0.45807637571157495,0.500092326850095
836,8471216,0,1,0.0,0.497
837,8471217,147,357,0.4117647058823529,0.4998963585434173
838,8471218,1847,3914,0.471895758814512,0.4995314256515074
839,8471220,23,61,0.3770491803278688,0.502688524590164
840,8471221,1,3,0.3333333333333333,0.49933333333333324
841,8471226,529,1130,0.46814159292035395,0.4990938053097345
842,8471228,69,167,0.41317365269461076,0.49935928143712577
843,8471229,713,1415,0.503886925795053,0.4999180212014134
844,8471231,1739,3536,0.4917986425339366,0.4997808257918552
845,8471232,279,728,0.38324175824175827,0.4995659340659341
846,8471233,13226,24363,0.5428723884579075,0.500090998645487
847,8471234,312,653,0.4777947932618683,0.500719754977029
848,8471235,0,5,0.0,0.5054000000000001
849,8471236,0,3,0.0,0.51
850,8471237,0,1,0.0,0.502
851,8471238,418,896,0.46651785714285715,0.5003091517857143
852,8471240,1,1,1.0,0.479
853,8471241,1,1,1.0,0.519
854,8471242,0,3,0.0,0.496
855,8471245,3144,6851,0.4589111078674646,0.4998668807473361
856,8471246,0,2,0.0,0.514
857,8471254,11,37,0.2972972972972973,0.49764864864864866
858,8471259,0,1,0.0,0.512
859,8471260,947,2238,0.4231456657730116,0.5002975871313673
860,8471262,5276,11113,0.47475929092054353,0.4997690092684244
861,8471263,7,18,0.3888888888888889,0.4972777777777778
862,8471266,84,190,0.4421052631578947,0.4990368421052632
863,8471268,2,7,0.2857142857142857,0.5028571428571429
864,8471269,0,1,0.0,0.486
865,8471273,7464,13922,0.536129866398506,0.4997253268208591
866,8471274,4,5,0.8,0.5
867,8471276,10600,21090,0.5026078710289237,0.4999033191085822
868,8471277,2,3,0.6666666666666666,0.49066666666666664
869,8471279,2,2,1.0,0.48
870,8471280,4,17,0.23529411764705882,0.5011764705882353
871,8471283,166,331,0.5015105740181269,0.49819939577039274
872,8471284,0,3,0.0,0.5003333333333333
873,8471290,63,158,0.3987341772151899,0.5014430379746835
874,8471296,1,1,1.0,0.487
875,8471299,729,1651,0.4415505754088431,0.49947789218655364
876,8471303,8,19,0.42105263157894735,0.4953157894736842
877,8471309,749,1534,0.48826597131681876,0.4999243807040418
878,8471310,557,1150,0.48434782608695653,0.49996956521739133
879,8471311,254,565,0.4495575221238938,0.5000902654867257
880,8471312,29,69,0.42028985507246375,0.5012173913043477
881,8471314,0,1,0.0,0.488
882,8471323,18,70,0.2571428571428571,0.5022000000000001
883,8471324,52,149,0.348993288590604,0.5019261744966443
884,8471326,2,6,0.3333333333333333,0.49849999999999994
885,8471331,257,671,0.3830104321907601,0.500672131147541
886,8471334,1,4,0.25,0.5069999999999999
887,8471336,1,1,1.0,0.505
888,8471338,2082,4158,0.5007215007215007,0.49981914381914383
889,8471339,172,411,0.41849148418491483,0.49970316301703166
890,8471346,490,1067,0.4592314901593252,0.5003636363636363
891,8471352,515,1059,0.48630783758262514,0.5004834749763928
892,8471360,3,8,0.375,0.498625
893,8471362,2958,6072,0.4871541501976285,0.4998692358366272
894,8471365,24,49,0.4897959183673469,0.5054897959183674
895,8471368,1,3,0.3333333333333333,0.49933333333333324
896,8471371,18,51,0.35294117647058826,0.503
897,8471372,57,138,0.41304347826086957,0.4976304347826087
898,8471386,7,14,0.5,0.49892857142857133
899,8471388,27,66,0.4090909090909091,0.4989848484848485
900,8471390,1196,2431,0.4919786096256685,0.5005043192102016
901,8471392,2,5,0.4,0.507
902,8471399,2,6,0.3333333333333333,0.5031666666666667
903,8471402,10,35,0.2857142857142857,0.5025142857142857
904,8471408,31,45,0.6888888888888889,0.49873333333333336
905,8471409,2,10,0.2,0.5031000000000001
906,8471419,7,18,0.3888888888888889,0.5077222222222223
907,8471426,976,1976,0.4939271255060729,0.4999124493927126
908,8471428,1,2,0.5,0.5155
909,8471436,0,2,0.0,0.494
910,8471450,15,45,0.3333333333333333,0.4993333333333333
911,8471451,86,163,0.5276073619631901,0.501079754601227
912,8471457,1,2,0.5,0.496
913,8471474,55,112,0.49107142857142855,0.4973482142857143
914,8471476,571,1320,0.43257575757575756,0.5002446969696971
915,8471477,4,7,0.5714285714285714,0.49657142857142855
916,8471480,0,3,0.0,0.518
917,8471482,0,1,0.0,0.482
918,8471483,67,147,0.4557823129251701,0.4995442176870748
919,8471490,378,930,0.4064516129032258,0.5000849462365592
920,8471498,72,202,0.3564356435643564,0.50040099009901
921,8471504,58,154,0.37662337662337664,0.500461038961039
922,8471508,0,1,0.0,0.478
923,8471514,2747,4932,0.5569748580697486,0.49998175182481747
924,8471521,3,16,0.1875,0.49924999999999997
925,8471524,29,64,0.453125,0.49671875
926,8471628,140,319,0.438871473354232,0.49899373040752354
927,8471634,175,411,0.4257907542579075,0.49940632603406326
928,8471636,265,575,0.4608695652173913,0.5012486956521739
929,8471641,1,2,0.5,0.506
930,8471657,22,76,0.2894736842105263,0.49909210526315784
931,8471663,36,106,0.33962264150943394,0.4996320754716981
932,8471664,134,351,0.3817663817663818,0.49982905982905973
933,8471668,21,50,0.42,0.50054
934,8471669,13887,25809,0.5380681157735674,0.4999780309194466
935,8471670,8,49,0.16326530612244897,0.5030612244897958
936,8471675,17228,32587,0.528677079817105,0.5000372234326572
937,8471676,262,692,0.3786127167630058,0.4999219653179191
938,8471677,4,8,0.5,0.504375
939,8471678,236,572,0.4125874125874126,0.4998723776223777
940,8471680,454,909,0.49944994499449946,0.4996908690869087
941,8471681,31,76,0.40789473684210525,0.5026973684210526
942,8471682,44,116,0.3793103448275862,0.5007844827586206
943,8471685,16484,31003,0.5316904815663,0.5000219011063446
944,8471686,3,8,0.375,0.5011249999999999
945,8471689,118,255,0.4627450980392157,0.49952156862745106
946,8471691,5811,11138,0.5217274196444605,0.5001537978093015
947,8471693,0,1,0.0,0.499
948,8471694,1,3,0.3333333333333333,0.49599999999999994
949,8471697,13,29,0.4482758620689655,0.5000689655172413
950,8471698,1606,3487,0.4605678233438486,0.5006019501003729
951,8471699,1516,3746,0.40469834490122797,0.4999973304858516
952,8471701,0,1,0.0,0.499
953,8471703,132,295,0.44745762711864406,0.4995050847457628
954,8471707,140,400,0.35,0.5014924999999999
955,8471708,2,14,0.14285714285714285,0.5034285714285714
956,8471709,0,1,0.0,0.499
957,8471713,0,1,0.0,0.51
958,8471716,1204,2361,0.5099534095722151,0.5003244387971199
959,8471717,0,1,0.0,0.503
960,8471718,764,1573,0.48569612205975843,0.5005969485060394
961,8471724,1,4,0.25,0.50475
962,8471729,0,1,0.0,0.511
963,8471730,7,10,0.7,0.49949999999999994
964,8471733,2,7,0.2857142857142857,0.49914285714285717
965,8471735,0,4,0.0,0.5005
966,8471738,2,5,0.4,0.51
967,8471743,3440,6316,0.5446485117162762,0.5003875870804307
968,8471752,1,1,1.0,0.496
969,8471753,366,809,0.45241038318912236,0.5002756489493202
970,8471760,82,180,0.45555555555555555,0.5008944444444444
971,8471762,190,404,0.47029702970297027,0.4998094059405941
972,8471763,2,6,0.3333333333333333,0.5006666666666667
973,8471764,4,6,0.6666666666666666,0.504
974,8471766,11,39,0.28205128205128205,0.4935897435897436
975,8471767,321,694,0.46253602305475505,0.4993818443804035
976,8471768,717,1632,0.43933823529411764,0.5000018382352941
977,8471794,2400,4704,0.5102040816326531,0.49997108843537424
978,8471804,55,122,0.45081967213114754,0.49940163934426235
979,8471807,649,1469,0.44179714091218514,0.5005554799183118
980,8471810,1,1,1.0,0.488
981,8471811,612,1314,0.4657534246575342,0.49940791476407914
982,8471817,294,690,0.4260869565217391,0.49988405797101454
983,8471821,0,5,0.0,0.5054000000000001
984,8471829,1,1,1.0,0.492
985,8471832,38,69,0.5507246376811594,0.4962463768115942
986,8471840,73,140,0.5214285714285715,0.49910714285714286
987,8471842,233,637,0.36577708006279436,0.5009481946624803
988,8471851,51,138,0.3695652173913043,0.5011811594202898
989,8471853,1,1,1.0,0.512
990,8471856,1233,2250,0.548,0.49983777777777777
991,8471859,16,58,0.27586206896551724,0.502603448275862
992,8471862,110,237,0.4641350210970464,0.49995780590717304
993,8471863,16,35,0.45714285714285713,0.5006285714285714
994,8471868,0,5,0.0,0.49960000000000004
995,8471873,1,2,0.5,0.48850000000000005
996,8471885,35,65,0.5384615384615384,0.4978769230769231
997,8471887,121,263,0.4600760456273764,0.49917490494296585
998,8471906,17,44,0.38636363636363635,0.5008863636363636
999,8471916,24,64,0.375,0.5004375
1000,8471956,956,1807,0.5290536801328168,0.5002933038184837
1001,8471958,0,2,0.0,0.5175000000000001
1002,8471976,3814,7497,0.5087368280645591,0.49989862611711355
1003,8471996,49,102,0.4803921568627451,0.5015294117647059
1004,8472008,0,1,0.0,0.478
1005,8472215,55,114,0.4824561403508772,0.49913157894736837
1006,8472248,33,59,0.559322033898305,0.4966440677966102
1007,8472263,21,40,0.525,0.50545
1008,8472334,0,1,0.0,0.508
1009,8472355,582,1191,0.48866498740554154,0.49999832073887496
1010,8472361,66,128,0.515625,0.5009453125000001
1011,8472368,3,11,0.2727272727272727,0.49990909090909086
1012,8472370,0,1,0.0,0.508
1013,8472379,229,482,0.475103734439834,0.4996348547717842
1014,8472394,9,33,0.2727272727272727,0.4991515151515152
1015,8472410,1000,2421,0.41305245766212306,0.4996584056175135
1016,8472418,27,67,0.40298507462686567,0.49946268656716414
1017,8472424,5,22,0.22727272727272727,0.4988181818181818
1018,8473385,0,1,0.0,0.508
1019,8473412,8339,16488,0.5057617661329452,0.49987202814167875
1020,8473419,465,1177,0.39507221750212407,0.49899235344095166
1021,8473422,2171,4354,0.4986219568213137,0.5000670647680295
1022,8473431,0,1,0.0,0.505
1023,8473432,74,185,0.4,0.4979081081081081
1024,8473444,31,84,0.36904761904761907,0.4953214285714286
1025,8473446,0,3,0.0,0.49033333333333334
1026,8473449,971,1982,0.4899091826437941,0.5001483350151362
1027,8473453,1165,2760,0.4221014492753623,0.49962173913043484
1028,8473463,907,1997,0.4541812719078618,0.5000961442163245
1029,8473465,49,92,0.532608695652174,0.5008695652173912
1030,8473466,667,1293,0.5158546017014695,0.4995986078886311
1031,8473473,536,1097,0.4886052871467639,0.49989061075660896
1032,8473482,20,81,0.24691358024691357,0.500827160493827
1033,8473484,32,78,0.41025641025641024,0.5005641025641027
1034,8473485,66,211,0.3127962085308057,0.499042654028436
1035,8473488,1,2,0.5,0.4915
1036,8473492,89,228,0.39035087719298245,0.49742982456140344
1037,8473493,70,164,0.4268292682926829,0.4980121951219513
1038,8473494,5,11,0.45454545454545453,0.5047272727272726
1039,8473504,127,315,0.4031746031746032,0.4997333333333333
1040,8473507,1,7,0.14285714285714285,0.4972857142857143
1041,8473511,2,7,0.2857142857142857,0.4991428571428571
1042,8473512,13509,24063,0.5614013215309812,0.49989905664297885
1043,8473514,5,15,0.3333333333333333,0.4994000000000001
1044,8473526,216,501,0.4311377245508982,0.49938722554890214
1045,8473533,13059,24679,0.5291543417480449,0.5000452611532072
1046,8473534,3663,7667,0.47776183644189385,0.49963101604278076
1047,8473536,1207,2750,0.4389090909090909,0.5001527272727273
1048,8473537,17,45,0.37777777777777777,0.5048888888888888
1049,8473542,7,18,0.3888888888888889,0.4928888888888889
1050,8473544,7061,14396,0.4904834676298972,0.49976833842734086
1051,8473546,67,175,0.38285714285714284,0.4995085714285715
1052,8473548,471,1142,0.4124343257443082,0.4999273204903677
1053,8473558,444,941,0.4718384697130712,0.4997970244420829
1054,8473562,102,213,0.4788732394366197,0.49923943661971826
1055,8473563,12901,25839,0.4992840280196602,0.49997960447385725
1056,8473564,328,838,0.3914081145584726,0.4991396181384249
1057,8473565,0,1,0.0,0.477
1058,8473568,16,31,0.5161290322580645,0.4986451612903226
1059,8473569,5,11,0.45454545454545453,0.5037272727272728
1060,8473573,5148,11114,0.4631995681122908,0.4996770739607702
1061,8473574,1123,2472,0.45428802588996764,0.5005849514563108
1062,8473579,256,581,0.4406196213425129,0.4998055077452668
1063,8473584,0,1,0.0,0.516
1064,8473588,28,89,0.3146067415730337,0.49867415730337084
1065,8473592,3,10,0.3,0.496
1066,8473600,10,38,0.2631578947368421,0.4997105263157895
1067,8473604,17920,31599,0.5671065540048735,0.5000508243931769
1068,8473608,141,294,0.47959183673469385,0.4996258503401361
1069,8473610,0,1,0.0,0.514
1070,8473616,0,1,0.0,0.497
1071,8473618,1807,3585,0.504044630404463,0.49977656903765694
1072,8473644,19,40,0.475,0.498775
1073,8473646,1029,1991,0.5168257157207433,0.4999949773982923
1074,8473682,793,1694,0.46812278630460447,0.500159386068477
1075,8473687,4,6,0.6666666666666666,0.5016666666666666
1076,8473700,0,2,0.0,0.492
1077,8473712,5,12,0.4166666666666667,0.5030833333333332
1078,8473722,0,3,0.0,0.5016666666666666
1079,8473734,22,56,0.39285714285714285,0.5006785714285714
1080,8473867,1,3,0.3333333333333333,0.49966666666666665
1081,8473898,308,702,0.43874643874643876,0.5009871794871795
1082,8473905,0,1,0.0,0.504
1083,8473908,3,14,0.21428571428571427,0.5027857142857144
1084,8473914,3602,6920,0.5205202312138728,0.49995158959537567
1085,8473927,92,157,0.5859872611464968,0.5003821656050956
1086,8473932,409,849,0.4817432273262662,0.5012131919905771
1087,8473942,448,919,0.48748639825897716,0.5003634385201305
1088,8473953,2,3,0.6666666666666666,0.49633333333333324
1089,8473962,39,136,0.2867647058823529,0.501389705882353
1090,8473970,16,49,0.32653061224489793,0.49885714285714283
1091,8473973,0,1,0.0,0.499
1092,8473979,167,383,0.4360313315926893,0.49990339425587466
1093,8473986,229,596,0.38422818791946306,0.5017785234899329
1094,8473989,3,4,0.75,0.5085
1095,8473994,4974,9738,0.5107825015403573,0.5000218730745533
1096,8473997,12,29,0.41379310344827586,0.5044137931034482
1097,8473999,5,15,0.3333333333333333,0.5018666666666666
1098,8474000,1,2,0.5,0.5085
1099,8474001,435,956,0.45502092050209203,0.49924999999999997
1100,8474008,23,61,0.3770491803278688,0.4993114754098361
1101,8474009,8463,16650,0.5082882882882883,0.5000424624624624
1102,8474012,9,21,0.42857142857142855,0.5005714285714286
1103,8474018,8,22,0.36363636363636365,0.49854545454545457
1104,8474024,300,635,0.47244094488188976,0.4989023622047244
1105,8474025,17,36,0.4722222222222222,0.5027777777777778
1106,8474030,2,14,0.14285714285714285,0.5045714285714286
1107,8474031,1,4,0.25,0.51
1108,8474034,96,239,0.401673640167364,0.4996108786610879
1109,8474037,154,385,0.4,0.4998753246753247
1110,8474038,210,569,0.36906854130052724,0.4991212653778559
1111,8474040,3522,7719,0.45627671978235523,0.5001291618085245
1112,8474042,56,120,0.4666666666666667,0.5000416666666667
1113,8474045,21,51,0.4117647058823529,0.5000980392156863
1114,8474050,1,2,0.5,0.505
1115,8474052,9,23,0.391304347826087,0.4947826086956522
1116,8474053,5717,12073,0.47353598939782987,0.49996554294707196
1117,8474056,1,3,0.3333333333333333,0.49733333333333335
1118,8474059,5,16,0.3125,0.506875
1119,8474061,1,4,0.25,0.5075000000000001
1120,8474062,3828,7927,0.48290652201337203,0.5001459568563139
1121,8474066,1,2,0.5,0.49
1122,8474068,7161,14373,0.4982258401168858,0.49984596117720725
1123,8474077,14,37,0.3783783783783784,0.49843243243243246
1124,8474085,2,5,0.4,0.4992
1125,8474089,293,591,0.4957698815566836,0.5002250423011845
1126,8474090,4,8,0.5,0.493625
1127,8474091,7219,14557,0.49591261935838427,0.4998583499347393
1128,8474094,19,59,0.3220338983050847,0.5013559322033898
1129,8474095,14,37,0.3783783783783784,0.4984594594594594
1130,8474096,1605,3243,0.49491211840888066,0.49951495528831324
1131,8474098,602,1423,0.4230498945888967,0.500966268446943
1132,8474100,19,51,0.37254901960784315,0.500921568627451
1133,8474102,264,658,0.4012158054711246,0.5000547112462005
1134,8474114,76,204,0.37254901960784315,0.499107843137255
1135,8474121,9,23,0.391304347826087,0.5028260869565218
1136,8474125,0,2,0.0,0.5155000000000001
1137,8474128,0,1,0.0,0.516
1138,8474130,1,8,0.125,0.49412500000000004
1139,8474131,531,1386,0.38311688311688313,0.49991486291486287
1140,8474137,10,20,0.5,0.4971
1141,8474138,445,948,0.4694092827004219,0.49915506329113923
1142,8474139,113,227,0.4977973568281938,0.497806167400881
1143,8474141,339,903,0.3754152823920266,0.499576965669989
1144,8474145,1,2,0.5,0.4755
1145,8474146,1,1,1.0,0.504
1146,8474149,9,31,0.2903225806451613,0.5029677419354839
1147,8474150,7898,16384,0.4820556640625,0.4998953247070313
1148,8474151,2,4,0.5,0.4925
1149,8474153,8,14,0.5714285714285714,0.4948571428571428
1150,8474154,3,12,0.25,0.4982499999999999
1151,8474157,402,842,0.47743467933491684,0.49971971496437056
1152,8474161,149,390,0.382051282051282,0.5007102564102565
1153,8474166,0,3,0.0,0.49366666666666664
1154,8474168,838,1655,0.5063444108761329,0.5000725075528701
1155,8474176,140,378,0.37037037037037035,0.5005714285714286
1156,8474177,32,76,0.42105263157894735,0.5019210526315789
1157,8474189,7921,15907,0.49795687433205504,0.49981058653423016
1158,8474190,191,497,0.3843058350100604,0.49948692152917507
1159,8474192,10,21,0.47619047619047616,0.5022380952380952
1160,8474201,7,11,0.6363636363636364,0.5037272727272728
1161,8474207,0,1,0.0,0.496
1162,8474218,0,1,0.0,0.487
1163,8474220,2,4,0.5,0.50525
1164,8474225,0,1,0.0,0.499
1165,8474230,193,412,0.4684466019417476,0.49968689320388343
1166,8474250,5056,10118,0.4997034987151611,0.5000948804111485
1167,8474291,6927,12121,0.571487501031268,0.4999651843907268
1168,8474498,827,1511,0.5473196558570483,0.5003613500992721
1169,8474516,21,37,0.5675675675675675,0.4967567567567566
1170,8474518,1,1,1.0,0.502
1171,8474519,1,1,1.0,0.519
1172,8474520,1,2,0.5,0.502
1173,8474535,231,445,0.5191011235955056,0.5003303370786517
1174,8474551,327,723,0.45228215767634855,0.5000843706777317
1175,8474552,1,3,0.3333333333333333,0.49
1176,8474563,1,4,0.25,0.513
1177,8474564,7770,15313,0.5074120028733755,0.49984255207993206
1178,8474565,0,5,0.0,0.501
1179,8474566,2,4,0.5,0.49775
1180,8474568,1,2,0.5,0.4935
1181,8474569,660,1463,0.45112781954887216,0.4996124401913876
1182,8474570,1420,3057,0.46450768727510633,0.5002047759241087
1183,8474571,53,166,0.3192771084337349,0.49910843373493985
1184,8474573,2433,5289,0.46001134429948953,0.4996193987521271
1185,8474574,0,1,0.0,0.484
1186,8474576,8,20,0.4,0.5016
1187,8474577,579,1209,0.47890818858560796,0.4999867659222497
1188,8474578,0,6,0.0,0.5076666666666667
1189,8474581,2,6,0.3333333333333333,0.48933333333333334
1190,8474582,1,5,0.2,0.5038
1191,8474584,0,2,0.0,0.5005
1192,8474586,129,331,0.38972809667673713,0.5003776435045316
1193,8474587,20,51,0.39215686274509803,0.49798039215686274
1194,8474588,68,176,0.38636363636363635,0.4989602272727273
1195,8474589,671,1641,0.408897014015844,0.5006398537477148
1196,8474590,1,8,0.125,0.496375
1197,8474592,34,64,0.53125,0.498171875
1198,8474594,4,4,1.0,0.492
1199,8474600,0,5,0.0,0.4968
1200,8474602,1,5,0.2,0.5016
1201,8474603,96,197,0.4873096446700508,0.4993857868020305
1202,8474605,0,2,0.0,0.499
1203,8474609,166,405,0.40987654320987654,0.4988543209876543
1204,8474610,194,433,0.44803695150115475,0.4999976905311779
1205,8474612,0,5,0.0,0.4936
1206,8474613,10224,22143,0.46172605338030076,0.49982012374113716
1207,8474616,94,163,0.5766871165644172,0.500196319018405
1208,8474625,87,239,0.36401673640167365,0.4991506276150627
1209,8474627,2019,3977,0.5076690973095298,0.5004719637918029
1210,8474628,2,4,0.5,0.493
1211,8474634,1,6,0.16666666666666666,0.5055
1212,8474641,7725,15238,0.5069562934768342,0.5002697204357528
1213,8474642,85,242,0.3512396694214876,0.4988181818181818
1214,8474646,171,439,0.3895216400911162,0.5003006833712984
1215,8474666,16,29,0.5517241379310345,0.49989655172413794
1216,8474668,51,135,0.37777777777777777,0.4982296296296296
1217,8474673,0,4,0.0,0.49675
1218,8474674,225,486,0.46296296296296297,0.4988251028806584
1219,8474679,137,290,0.4724137931034483,0.4983275862068965
1220,8474681,322,787,0.409148665819568,0.49919313850063535
1221,8474683,3374,6490,0.5198767334360554,0.5001349768875192
1222,8474685,269,643,0.41835147744945567,0.50050233281493
1223,8474688,0,4,0.0,0.49225
1224,8474693,1,1,1.0,0.478
1225,8474697,1,3,0.3333333333333333,0.5073333333333334
1226,8474705,104,258,0.40310077519379844,0.4986434108527132
1227,8474709,88,222,0.3963963963963964,0.49949549549549555
1228,8474715,272,685,0.3970802919708029,0.5005124087591241
1229,8474716,4,9,0.4444444444444444,0.4985555555555556
1230,8474719,11,34,0.3235294117647059,0.49623529411764705
1231,8474722,1,2,0.5,0.513
1232,8474727,937,1817,0.5156851953769951,0.4993401210787012
1233,8474736,18,53,0.33962264150943394,0.5015849056603774
1234,8474739,474,1085,0.4368663594470046,0.5010995391705069
1235,8474744,3,10,0.3,0.5061
1236,8474748,0,1,0.0,0.495
1237,8474762,3,4,0.75,0.5
1238,8474772,1,1,1.0,0.473
1239,8474774,0,2,0.0,0.507
1240,8474793,25,46,0.5434782608695652,0.49830434782608696
1241,8474818,1,2,0.5,0.485
1242,8474849,192,412,0.46601941747572817,0.49852427184466025
1243,8474850,1,1,1.0,0.494
1244,8474870,5018,10283,0.4879898862199747,0.49979441797140917
1245,8474884,137,319,0.42946708463949845,0.5000470219435736
1246,8474892,19,45,0.4222222222222222,0.4992666666666667
1247,8475085,15,28,0.5357142857142857,0.5012142857142857
1248,8475086,6,18,0.3333333333333333,0.5007222222222223
1249,8475087,106,198,0.5353535353535354,0.49822727272727274
1250,8475098,10253,19109,0.5365534564864723,0.4999742006384426
1251,8475102,5,10,0.5,0.5035
1252,8475105,1,5,0.2,0.5002
1253,8475118,1,1,1.0,0.513
1254,8475119,113,260,0.4346153846153846,0.5007230769230768
1255,8475147,311,671,0.46348733233979134,0.500371087928465
1256,8475149,1834,4507,0.40692256489904594,0.499618149545152
1257,8475150,3,14,0.21428571428571427,0.5007857142857143
1258,8475151,212,682,0.31085043988269795,0.500024926686217
1259,8475154,14,30,0.4666666666666667,0.49893333333333334
1260,8475155,0,1,0.0,0.509
1261,8475157,30,87,0.3448275862068966,0.5000229885057471
1262,8475158,15973,28697,0.556608704742656,0.5000995922918772
1263,8475160,62,148,0.4189189189189189,0.49997297297297294
1264,8475161,16,43,0.37209302325581395,0.4957674418604652
1265,8475163,132,375,0.352,0.4990826666666667
1266,8475164,166,540,0.3074074074074074,0.5009
1267,8475165,930,1844,0.5043383947939263,0.5003389370932755
1268,8475166,12818,24253,0.5285119366676287,0.4999734465839277
1269,8475167,1,6,0.16666666666666666,0.4995
1270,8475168,9434,17457,0.5404135876725669,0.49997061350747546
1271,8475169,1228,2706,0.4538063562453806,0.4998181818181818
1272,8475170,5256,11062,0.4751401193274272,0.5000619237027663
1273,8475171,0,3,0.0,0.501
1274,8475172,6918,13480,0.5132047477744807,0.49988553412462905
1275,8475175,41,108,0.37962962962962965,0.5002314814814814
1276,8475177,0,5,0.0,0.49079999999999996
1277,8475178,38,142,0.2676056338028169,0.4966267605633803
1278,8475180,1141,2495,0.457314629258517,0.49972625250501
1279,8475183,30,68,0.4411764705882353,0.49991176470588233
1280,8475184,415,953,0.4354669464847849,0.5004197271773347
1281,8475185,1429,2924,0.4887140902872777,0.5002236662106703
1282,8475188,1,1,1.0,0.481
1283,8475191,50,134,0.373134328358209,0.502268656716418
1284,8475192,11,20,0.55,0.49949999999999994
1285,8475193,132,382,0.34554973821989526,0.5001596858638743
1286,8475196,1,3,0.3333333333333333,0.48466666666666663
1287,8475198,0,2,0.0,0.514
1288,8475199,0,1,0.0,0.543
1289,8475200,0,1,0.0,0.475
1290,8475204,615,1263,0.48693586698337293,0.5001250989707047
1291,8475208,1,1,1.0,0.485
1292,8475209,77,195,0.39487179487179486,0.4999333333333333
1293,8475213,370,792,0.4671717171717172,0.4994861111111111
1294,8475214,6,15,0.4,0.5024000000000001
1295,8475218,0,1,0.0,0.496
1296,8475220,347,757,0.4583883751651255,0.4990964332892999
1297,8475222,1,3,0.3333333333333333,0.4963333333333333
1298,8475223,473,1105,0.4280542986425339,0.4998262443438914
1299,8475224,45,109,0.41284403669724773,0.5034036697247706
1300,8475225,610,1457,0.4186684969114619,0.49995332875772136
1301,8475231,6676,13260,0.5034690799396682,0.4998588235294118
1302,8475233,2,2,1.0,0.4925
1303,8475235,8,16,0.5,0.499625
1304,8475236,6905,13775,0.5012704174228675,0.5001798185117967
1305,8475247,337,672,0.5014880952380952,0.49894196428571425
1306,8475250,66,129,0.5116279069767442,0.4982170542635659
1307,8475253,12,33,0.36363636363636365,0.4977878787878788
1308,8475254,253,505,0.500990099009901,0.5000059405940593
1309,8475260,339,652,0.5199386503067485,0.49982515337423306
1310,8475263,126,233,0.5407725321888412,0.49901716738197427
1311,8475264,280,652,0.4294478527607362,0.49966411042944786
1312,8475266,4,18,0.2222222222222222,0.5016666666666667
1313,8475268,64,178,0.3595505617977528,0.5001629213483146
1314,8475278,492,1050,0.4685714285714286,0.49973904761904764
1315,8475283,1,2,0.5,0.5175
1316,8475287,3893,7481,0.5203849752706857,0.5000632268413314
1317,8475291,0,1,0.0,0.508
1318,8475295,1,2,0.5,0.5085
1319,8475304,76,161,0.4720496894409938,0.49826708074534165
1320,8475309,1,4,0.25,0.49925
1321,8475310,6,15,0.4,0.5035333333333333
1322,8475314,888,1883,0.47158789166224113,0.5003876792352628
1323,8475321,522,1079,0.48378127896200185,0.5000898980537536
1324,8475323,3186,6428,0.4956440572495333,0.49972277535780957
1325,8475325,6,35,0.17142857142857143,0.49717142857142854
1326,8475328,3,5,0.6,0.5002
1327,8475343,2934,5757,0.5096404377279833,0.5002325864165363
1328,8475372,31,79,0.3924050632911392,0.5001139240506329
1329,8475381,95,207,0.45893719806763283,0.49982125603864735
1330,8475413,426,905,0.4707182320441989,0.499707182320442
1331,8475414,74,146,0.5068493150684932,0.500404109589041
1332,8475423,0,6,0.0,0.5078333333333332
1333,8475430,0,2,0.0,0.503
1334,8475436,0,2,0.0,0.493
1335,8475461,240,499,0.48096192384769537,0.5000320641282564
1336,8475598,1,1,1.0,0.503
1337,8475602,81,154,0.525974025974026,0.5001428571428571
1338,8475603,20,46,0.43478260869565216,0.5002608695652174
1339,8475619,9,20,0.45,0.4986499999999999
1340,8475625,0,1,0.0,0.513
1341,8475637,5,10,0.5,0.5035999999999999
1342,8475638,3,6,0.5,0.5101666666666667
1343,8475640,0,1,0.0,0.477
1344,8475650,6,12,0.5,0.4954166666666668
1345,8475661,6,11,0.5454545454545454,0.49845454545454543
1346,8475671,4,9,0.4444444444444444,0.5081111111111111
1347,8475679,1,2,0.5,0.4895
1348,8475692,137,357,0.38375350140056025,0.5010672268907562
1349,8475714,2549,5276,0.483131159969674,0.5000991281273691
1350,8475715,989,2033,0.4864731923266109,0.5003108706345303
1351,8475716,1,5,0.2,0.49939999999999996
1352,8475722,65,250,0.26,0.500836
1353,8475726,129,313,0.41214057507987223,0.4992332268370608
1354,8475727,886,1980,0.44747474747474747,0.4995843434343434
1355,8475728,4582,9201,0.4979893489838061,0.49992837735028806
1356,8475733,42,129,0.32558139534883723,0.5003488372093023
1357,8475735,1475,2952,0.49966124661246614,0.5004322493224932
1358,8475736,3,44,0.06818181818181818,0.5024545454545455
1359,8475738,1824,3392,0.5377358490566038,0.4997983490566037
1360,8475739,41,82,0.5,0.5000731707317073
1361,8475744,5496,13063,0.42073030697389574,0.5003260353670673
1362,8475745,4629,9894,0.4678593086719224,0.4995992520719628
1363,8475747,0,3,0.0,0.5026666666666667
1364,8475749,0,1,0.0,0.518
1365,8475752,67,198,0.3383838383838384,0.4994090909090909
1366,8475753,0,1,0.0,0.514
1367,8475754,7321,15009,0.4877740022653075,0.5000292491171964
1368,8475758,152,402,0.3781094527363184,0.4993432835820895
1369,8475760,3183,6569,0.4845486375399604,0.5000095905008373
1370,8475761,9,34,0.2647058823529412,0.49608823529411766
1371,8475762,1,5,0.2,0.5102
1372,8475763,5524,11499,0.48038959909557355,0.4999119053830768
1373,8475764,2,3,0.6666666666666666,0.504
1374,8475765,26,55,0.4727272727272727,0.5030727272727272
1375,8475766,122,257,0.47470817120622566,0.4986809338521401
1376,8475767,39,88,0.4431818181818182,0.5008181818181818
1377,8475768,423,878,0.48177676537585423,0.4997232346241458
1378,8475769,6,20,0.3,0.5032500000000001
1379,8475770,8,19,0.42105263157894735,0.508578947368421
1380,8475772,5227,10340,0.5055125725338492,0.5000822050290136
1381,8475775,1,2,0.5,0.507
1382,8475780,1258,2642,0.4761544284632854,0.500397047691143
1383,8475784,1002,2139,0.4684431977559607,0.500091631603553
1384,8475786,913,2029,0.4499753573188763,0.4998777723016264
1385,8475788,1149,2691,0.4269788182831661,0.4998320327015978
1386,8475791,462,1043,0.4429530201342282,0.4994256951102589
1387,8475792,160,438,0.365296803652968,0.5002739726027398
1388,8475793,10472,19592,0.5345038791343405,0.499942782768477
1389,8475794,8540,15810,0.5401644528779254,0.5000443390259329
1390,8475796,12,25,0.48,0.4946
1391,8475798,2643,5414,0.48817879571481343,0.49999057997783525
1392,8475799,214,442,0.4841628959276018,0.5011402714932127
1393,8475800,0,2,0.0,0.4985
1394,8475807,263,696,0.37787356321839083,0.5002183908045977
1395,8475808,1004,1954,0.5138178096212896,0.5002011258955988
1396,8475810,73,211,0.3459715639810427,0.4994928909952607
1397,8475820,59,175,0.33714285714285713,0.4979028571428572
1398,8475832,5,28,0.17857142857142858,0.4967857142857143
1399,8475833,5,9,0.5555555555555556,0.49300000000000005
1400,8475834,74,235,0.3148936170212766,0.49973191489361696
1401,8475836,0,1,0.0,0.513
1402,8475841,0,4,0.0,0.50125
1403,8475842,247,528,0.4678030303030303,0.5001761363636364
1404,8475844,60,169,0.35502958579881655,0.502319526627219
1405,8475845,0,1,0.0,0.497
1406,8475848,385,920,0.41847826086956524,0.5001315217391304
1407,8475855,104,304,0.34210526315789475,0.49994736842105264
1408,8475868,1,1,1.0,0.474
1409,8475878,153,316,0.48417721518987344,0.5011582278481013
1410,8475889,1,2,0.5,0.5165
1411,8475906,1,1,1.0,0.487
1412,8475907,134,379,0.35356200527704484,0.4991556728232191
1413,8475913,257,633,0.4060031595576619,0.49982464454976294
1414,8475917,1,2,0.5,0.519
1415,8475949,35,86,0.4069767441860465,0.49912790697674425
1416,8475950,0,1,0.0,0.509
1417,8475958,170,387,0.4392764857881137,0.5008992248062015
1418,8475980,16,27,0.5925925925925926,0.5007037037037038
1419,8475996,42,101,0.4158415841584158,0.4983267326732674
1420,8476020,8,16,0.5,0.4976875
1421,8476043,214,483,0.44306418219461696,0.4996770186335404
1422,8476062,812,1595,0.509090909090909,0.5000934169278997
1423,8476116,48,100,0.48,0.49953999999999993
1424,8476147,21,45,0.4666666666666667,0.5008666666666667
1425,8476158,22,51,0.43137254901960786,0.4984117647058823
1426,8476177,251,632,0.3971518987341772,0.49967405063291137
1427,8476179,102,203,0.5024630541871922,0.4995665024630542
1428,8476195,21,57,0.3684210526315789,0.5000701754385966
1429,8476200,0,1,0.0,0.494
1430,8476205,142,341,0.41642228739002934,0.4998944281524927
1431,8476206,24,73,0.3287671232876712,0.5001232876712329
1432,8476207,88,237,0.37130801687763715,0.49967088607594934
1433,8476209,5,8,0.625,0.5075
1434,8476211,6,14,0.42857142857142855,0.49449999999999994
1435,8476219,11,21,0.5238095238095238,0.4981904761904762
1436,8476227,0,1,0.0,0.501
1437,8476235,4,9,0.4444444444444444,0.49444444444444446
1438,8476244,1,3,0.3333333333333333,0.492
1439,8476278,200,380,0.5263157894736842,0.49954473684210526
1440,8476285,602,1201,0.5012489592006661,0.49990591174021654
1441,8476288,233,619,0.3764135702746365,0.5002746365105009
1442,8476292,121,467,0.25910064239828695,0.49932119914346906
1443,8476293,19,39,0.48717948717948717,0.49784615384615377
1444,8476310,602,1174,0.5127768313458262,0.5003960817717206
1445,8476312,0,1,0.0,0.508
1446,8476322,11,30,0.36666666666666664,0.5034333333333333
1447,8476323,63,125,0.504,0.50072
1448,8476326,73,222,0.32882882882882886,0.5008063063063063
1449,8476329,575,1525,0.3770491803278688,0.5008144262295083
1450,8476336,7,21,0.3333333333333333,0.500904761904762
1451,8476344,215,475,0.45263157894736844,0.5008421052631579
1452,8476346,14,46,0.30434782608695654,0.49765217391304356
1453,8476352,1,4,0.25,0.509
1454,8476356,101,411,0.24574209245742093,0.5006958637469586
1455,8476363,0,1,0.0,0.523
1456,8476367,0,2,0.0,0.4955
1457,8476370,167,373,0.4477211796246649,0.4990563002680965
1458,8476374,3170,6287,0.5042150469222204,0.5000905042150469
1459,8476381,2600,5457,0.47645226314824995,0.5002424409015943
1460,8476386,13,23,0.5652173913043478,0.5013043478260869
1461,8476389,6571,12790,0.5137607505863956,0.5001050039093041
1462,8476390,6,7,0.8571428571428571,0.4984285714285714
1463,8476391,12,72,0.16666666666666666,0.4976805555555555
1464,8476392,6265,11609,0.5396674993539495,0.5003637694891894
1465,8476393,1483,3259,0.4550475606014115,0.5000803927585149
1466,8476396,56,148,0.3783783783783784,0.4997837837837837
1467,8476399,984,2430,0.4049382716049383,0.5003580246913579
1468,8476400,213,474,0.44936708860759494,0.49964135021097045
1469,8476401,2,2,1.0,0.502
1470,8476404,251,488,0.514344262295082,0.5004405737704919
1471,8476406,2122,4050,0.5239506172839506,0.4999718518518518
1472,8476409,419,896,0.46763392857142855,0.4999933035714286
1473,8476410,108,248,0.43548387096774194,0.4992903225806452
1474,8476414,3,4,0.75,0.4825
1475,8476415,14,19,0.7368421052631579,0.5041578947368421
1476,8476419,6844,12886,0.5311190439236381,0.500006441098867
1477,8476423,3,10,0.3,0.5044000000000001
1478,8476425,1,1,1.0,0.484
1479,8476427,4,12,0.3333333333333333,0.5005833333333333
1480,8476428,87,200,0.435,0.49941500000000005
1481,8476429,0,4,0.0,0.495
1482,8476430,13,36,0.3611111111111111,0.5002222222222223
1483,8476432,6431,11924,0.5393324387789332,0.4998669070781617
1484,8476435,17,36,0.4722222222222222,0.5011944444444444
1485,8476436,19,72,0.2638888888888889,0.501875
1486,8476437,3093,6295,0.4913423351866561,0.49993884034948366
1487,8476438,411,1000,0.411,0.500533
1488,8476439,18,63,0.2857142857142857,0.5022698412698413
1489,8476440,1238,2966,0.41739716790289955,0.49963587322993935
1490,8476441,0,4,0.0,0.49075
1491,8476442,59,151,0.39072847682119205,0.5013245033112583
1492,8476443,0,2,0.0,0.488
1493,8476445,4,11,0.36363636363636365,0.5037272727272727
1494,8476447,16,46,0.34782608695652173,0.49993478260869567
1495,8476448,6624,13749,0.48178049312677285,0.49977591097534363
1496,8476451,0,4,0.0,0.4935
1497,8476453,4,33,0.12121212121212122,0.5015151515151516
1498,8476454,5343,11824,0.4518775372124493,0.500146397158322
1499,8476455,3408,6466,0.5270646458397773,0.5005233529229818
1500,8476456,204,461,0.44251626898047725,0.49990238611713667
1501,8476458,4319,9222,0.46833658642376924,0.4999277813923227
1502,8476459,8747,17682,0.4946838592919353,0.5001183689627869
1503,8476460,8628,18797,0.45900941639623344,0.4999440868223653
1504,8476461,9400,17315,0.5428818943112907,0.49978700548657234
1505,8476462,1,7,0.14285714285714285,0.49885714285714283
1506,8476466,7,26,0.2692307692307692,0.4984615384615385
1507,8476468,4128,7659,0.5389737563650607,0.500117508813161
1508,8476469,51,189,0.2698412698412698,0.5013809523809525
1509,8476471,0,3,0.0,0.49733333333333335
1510,8476472,0,1,0.0,0.501
1511,8476473,0,1,0.0,0.519
1512,8476474,166,419,0.39618138424821003,0.5009045346062053
1513,8476477,1,12,0.08333333333333333,0.49899999999999994
1514,8476479,8111,14910,0.5439973172367538,0.5000743796109993
1515,8476480,1000,2234,0.4476275738585497,0.5004471799462847
1516,8476482,0,1,0.0,0.474
1517,8476483,1023,2216,0.46164259927797835,0.4996182310469314
1518,8476495,5,20,0.25,0.50035
1519,8476511,0,1,0.0,0.497
1520,8476525,1,1,1.0,0.489
1521,8476526,0,1,0.0,0.484
1522,8476536,4,10,0.4,0.5044
1523,8476539,1157,2785,0.41543985637342906,0.5000499102333932
1524,8476549,1,1,1.0,0.5
1525,8476617,4,8,0.5,0.486625
1526,8476619,26,50,0.52,0.4982000000000001
1527,8476624,3670,7268,0.5049532195927353,0.500060676940011
1528,8476765,4,20,0.2,0.49995
1529,8476769,3,5,0.6,0.5024
1530,8476772,2,6,0.3333333333333333,0.49416666666666664
1531,8476779,0,1,0.0,0.529
1532,8476792,3,5,0.6,0.4974
1533,8476806,121,318,0.3805031446540881,0.4988333333333333
1534,8476808,667,1330,0.5015037593984962,0.5003135338345865
1535,8476819,66,126,0.5238095238095238,0.4988015873015873
1536,8476822,6459,11779,0.5483487562611428,0.49998013413702347
1537,8476826,1752,3626,0.48317705460562604,0.4994415333701048
1538,8476834,58,125,0.464,0.501544
1539,8476851,1969,4248,0.4635122410546139,0.49990277777777775
1540,8476853,0,11,0.0,0.4986363636363636
1541,8476854,2,8,0.25,0.502375
1542,8476855,0,10,0.0,0.5058999999999999
1543,8476856,2,2,1.0,0.498
1544,8476857,13,89,0.14606741573033707,0.5037865168539325
1545,8476858,19,51,0.37254901960784315,0.5024313725490197
1546,8476866,1,4,0.25,0.502
1547,8476867,203,411,0.49391727493917276,0.498963503649635
1548,8476868,2,2,1.0,0.509
1549,8476869,4,5,0.8,0.5014000000000001
1550,8476870,1,6,0.16666666666666666,0.49266666666666664
1551,8476871,95,283,0.33568904593639576,0.5003144876325089
1552,8476872,2711,5176,0.5237635239567233,0.5001336939721793
1553,8476873,3036,6094,0.4981949458483754,0.49972842139809653
1554,8476875,1,5,0.2,0.49860000000000004
1555,8476878,1221,2785,0.4384201077199282,0.49933464991023346
1556,8476879,1,1,1.0,0.5
1557,8476880,247,601,0.41098169717138106,0.5006372712146423
1558,8476881,6472,12144,0.5329380764163373,0.500116930171278
1559,8476882,630,1436,0.4387186629526462,0.4997193593314763
1560,8476885,0,2,0.0,0.4985
1561,8476887,24,90,0.26666666666666666,0.5005555555555555
1562,8476888,525,1124,0.46708185053380785,0.5006601423487544
1563,8476889,6265,12562,0.49872631746537177,0.50019025632861
1564,8476894,74,153,0.48366013071895425,0.5004052287581701
1565,8476897,2010,4621,0.4349707855442545,0.4999857173771911
1566,8476902,0,1,0.0,0.502
1567,8476905,1547,3391,0.4562076083751106,0.5000990858153938
1568,8476906,1,1,1.0,0.49
1569,8476907,4,20,0.2,0.49645
1570,8476911,13,30,0.43333333333333335,0.4950333333333333
1571,8476913,849,1921,0.44195731389901094,0.5004836022904737
1572,8476915,575,1247,0.4611066559743384,0.4993191659983962
1573,8476918,49,187,0.2620320855614973,0.5
1574,8476919,5821,11607,0.5015077108641337,0.49997044886706293
1575,8476921,1431,3172,0.4511349306431274,0.5001302017654476
1576,8476922,508,1213,0.41879637262984337,0.5007213520197856
1577,8476923,0,1,0.0,0.502
1578,8476924,0,2,0.0,0.515
1579,8476925,4209,8019,0.5248784137673027,0.4997655568025939
1580,8476927,1852,4092,0.4525904203323558,0.49937805474095787
1581,8476931,0,7,0.0,0.5002857142857142
1582,8476934,202,518,0.38996138996138996,0.5004150579150579
1583,8476944,0,1,0.0,0.499
1584,8476947,404,848,0.47641509433962265,0.5000990566037736
1585,8476948,108,272,0.39705882352941174,0.5003125
1586,8476952,604,1319,0.4579226686884003,0.5003942380591357
1587,8476955,3,6,0.5,0.504
1588,8476958,0,4,0.0,0.5105
1589,8476960,1052,2475,0.42505050505050507,0.5001721212121212
1590,8476966,128,249,0.5140562248995983,0.5004538152610442
1591,8476971,0,9,0.0,0.49733333333333335
1592,8476975,4198,8266,0.5078635373820469,0.4998075248003871
1593,8476979,0,1,0.0,0.482
1594,8476981,119,355,0.3352112676056338,0.5010535211267606
1595,8476982,77,156,0.4935897435897436,0.49932692307692317
1596,8476994,404,984,0.4105691056910569,0.49997357723577235
1597,8477003,4,4,1.0,0.49425
1598,8477010,219,526,0.41634980988593157,0.5000760456273764
1599,8477015,264,652,0.4049079754601227,0.4996365030674847
1600,8477018,0,1,0.0,0.5
1601,8477021,2209,4435,0.49808342728297633,0.5002430665163472
1602,8477038,4,12,0.3333333333333333,0.4915833333333333
1603,8477059,7,23,0.30434782608695654,0.49904347826086953
1604,8477070,1,4,0.25,0.488
1605,8477126,5,34,0.14705882352941177,0.4994999999999999
1606,8477149,0,4,0.0,0.49325
1607,8477201,18,37,0.4864864864864865,0.49986486486486487
1608,8477205,0,1,0.0,0.515
1609,8477210,0,1,0.0,0.517
1610,8477213,254,613,0.41435562805872755,0.49908482871125603
1611,8477220,0,1,0.0,0.503
1612,8477227,10,22,0.45454545454545453,0.4974090909090909
1613,8477228,2,7,0.2857142857142857,0.4974285714285714
1614,8477240,1164,2372,0.49072512647554806,0.5003861720067453
1615,8477243,9,18,0.5,0.49938888888888894
1616,8477249,14,31,0.45161290322580644,0.5042258064516129
1617,8477290,662,1340,0.49402985074626865,0.5000962686567163
1618,8477314,12,40,0.3,0.49850000000000005
1619,8477320,0,4,0.0,0.4935
1620,8477326,3,4,0.75,0.49674999999999997
1621,8477330,24,76,0.3157894736842105,0.49750000000000005
1622,8477341,32,105,0.3047619047619048,0.501352380952381
1623,8477346,4,4,1.0,0.519
1624,8477353,126,352,0.35795454545454547,0.5001363636363636
1625,8477357,28,96,0.2916666666666667,0.5000625
1626,8477366,268,552,0.4855072463768116,0.5009710144927536
1627,8477380,8,22,0.36363636363636365,0.5015909090909091
1628,8477391,5,8,0.625,0.51025
1629,8477401,56,216,0.25925925925925924,0.4985185185185185
1630,8477402,61,254,0.24015748031496062,0.4999370078740158
1631,8477404,205,467,0.43897216274089934,0.4999528907922912
1632,8477406,389,1012,0.38438735177865613,0.5000128458498024
1633,8477407,25,95,0.2631578947368421,0.4998631578947368
1634,8477409,56,128,0.4375,0.499828125
1635,8477410,3,7,0.42857142857142855,0.5067142857142857
1636,8477413,32,102,0.3137254901960784,0.5002058823529412
1637,8477415,4,13,0.3076923076923077,0.5006153846153847
1638,8477416,46,145,0.31724137931034485,0.5004275862068966
1639,8477417,8,35,0.22857142857142856,0.5025714285714286
1640,8477425,3,17,0.17647058823529413,0.49617647058823533
1641,8477426,865,1709,0.5061439438267993,0.5004961966062025
1642,8477427,0,3,0.0,0.494
1643,8477429,2796,5327,0.5248732870283461,0.5002175708654026
1644,8477444,171,406,0.4211822660098522,0.5006650246305419
1645,8477445,0,1,0.0,0.495
1646,8477446,221,467,0.4732334047109208,0.4999721627408994
1647,8477447,4,4,1.0,0.4945
1648,8477448,20,69,0.2898550724637681,0.5012463768115942
1649,8477450,2018,4706,0.42881427964300894,0.4997076073098172
1650,8477451,480,967,0.4963805584281282,0.4997197518097208
1651,8477454,133,238,0.5588235294117647,0.49996638655462183
1652,8477455,1509,3503,0.4307736226091921,0.4999902940336855
1653,8477456,3495,7292,0.4792923752057049,0.4999806637410861
1654,8477458,8,41,0.1951219512195122,0.5003414634146343
1655,8477460,74,168,0.44047619047619047,0.4994285714285715
1656,8477461,10,19,0.5263157894736842,0.499578947368421
1657,8477463,0,1,0.0,0.509
1658,8477464,217,473,0.4587737843551797,0.5006871035940804
1659,8477466,1,1,1.0,0.49
1660,8477472,1,1,1.0,0.474
1661,8477473,0,3,0.0,0.5
1662,8477476,81,219,0.3698630136986301,0.4988264840182649
1663,8477478,45,70,0.6428571428571429,0.5004714285714286
1664,8477479,74,218,0.3394495412844037,0.4979036697247706
1665,8477482,66,144,0.4583333333333333,0.5000555555555556
1666,8477486,0,1,0.0,0.476
1667,8477488,4,6,0.6666666666666666,0.5011666666666666
1668,8477491,3,12,0.25,0.5034166666666667
1669,8477492,6419,14333,0.4478476243633573,0.4998497174352892
1670,8477493,9811,18665,0.5256362175194214,0.4999783016340744
1671,8477494,734,1741,0.4215967834577829,0.49990982194141304
1672,8477496,5112,9756,0.5239852398523985,0.4999500820008201
1673,8477497,8400,16409,0.5119141934304345,0.49997440429032847
1674,8477499,1,2,0.5,0.4905
1675,8477500,11419,20899,0.546389779415283,0.5000021532130724
1676,8477501,20,46,0.43478260869565216,0.4977173913043479
1677,8477503,3642,7820,0.4657289002557545,0.4997652173913043
1678,8477504,1,2,0.5,0.4855
1679,8477505,4498,9757,0.46100235728195144,0.4999567490007174
1680,8477507,1,1,1.0,0.488
1681,8477508,1139,2342,0.48633646456020496,0.5000106746370623
1682,8477510,3,11,0.2727272727272727,0.5028181818181818
1683,8477511,174,415,0.41927710843373495,0.4995710843373494
1684,8477512,2035,3840,0.5299479166666666,0.5003106770833334
1685,8477520,227,447,0.5078299776286354,0.4997628635346757
1686,8477527,5,13,0.38461538461538464,0.4963076923076923
1687,8477529,954,1928,0.4948132780082988,0.500438796680498
1688,8477566,0,1,0.0,0.513
1689,8477573,4,4,1.0,0.50475
1690,8477583,0,3,0.0,0.49333333333333335
1691,8477589,1,4,0.25,0.5
1692,8477591,715,1490,0.4798657718120805,0.49987852348993295
1693,8477680,8,20,0.4,0.49850000000000005
1694,8477715,66,144,0.4583333333333333,0.49973611111111116
1695,8477814,1,1,1.0,0.482
1696,8477816,6,10,0.6,0.4965
1697,8477832,1,5,0.2,0.5174000000000001
1698,8477836,10,21,0.47619047619047616,0.5002857142857142
1699,8477839,86,174,0.4942528735632184,0.5008505747126436
1700,8477846,2023,4356,0.46441689623507804,0.49987235996326906
1701,8477850,4,4,1.0,0.503
1702,8477881,8,13,0.6153846153846154,0.4964615384615385
1703,8477887,85,165,0.5151515151515151,0.4996787878787879
1704,8477901,5,24,0.20833333333333334,0.4979166666666666
1705,8477902,0,3,0.0,0.49566666666666664
1706,8477903,84,233,0.3605150214592275,0.4990257510729614
1707,8477913,1,2,0.5,0.4795
1708,8477916,0,3,0.0,0.5069999999999999
1709,8477919,726,1504,0.48271276595744683,0.49925864361702127
1710,8477922,176,361,0.48753462603878117,0.49910803324099723
1711,8477929,344,749,0.45927903871829107,0.49980774365821085
1712,8477930,5241,10101,0.5188595188595189,0.5001616671616671
1713,8477931,1409,2697,0.5224323322209863,0.4996255098257323
1714,8477933,483,1342,0.35991058122205666,0.4998457526080477
1715,8477934,7411,14494,0.5113150269076859,0.4999227266455086
1716,8477935,1345,2737,0.49141395688710265,0.5003869199853854
1717,8477936,20,32,0.625,0.49853125
1718,8477937,56,170,0.32941176470588235,0.49978823529411764
1719,8477939,1945,3723,0.5224281493419286,0.4997416062315337
1720,8477940,15,44,0.3409090909090909,0.5010909090909091
1721,8477941,36,115,0.3130434782608696,0.5012434782608696
1722,8477942,24,81,0.2962962962962963,0.49712345679012343
1723,8477943,10,41,0.24390243902439024,0.4984634146341463
1724,8477944,55,117,0.4700854700854701,0.49923931623931617
1725,8477945,0,4,0.0,0.48525
1726,8477946,7210,13644,0.5284374083846379,0.5002064643799472
1727,8477949,323,874,0.3695652173913043,0.4998729977116705
1728,8477950,1,1,1.0,0.499
1729,8477951,1469,3715,0.39542395693135934,0.5000678331090175
1730,8477952,145,370,0.3918918918918919,0.5013702702702703
1731,8477953,32,114,0.2807017543859649,0.498140350877193
1732,8477955,2643,5943,0.4447248864209995,0.5000738684166246
1733,8477956,48,138,0.34782608695652173,0.502840579710145
1734,8477957,2,2,1.0,0.4985
1735,8477958,1,2,0.5,0.4735
1736,8477959,2,11,0.18181818181818182,0.4984545454545455
1737,8477960,1969,4714,0.417691981332202,0.5000634280865507
1738,8477961,28,61,0.45901639344262296,0.5008524590163934
1739,8477962,100,276,0.36231884057971014,0.4999492753623188
1740,8477963,72,124,0.5806451612903226,0.5013629032258065
1741,8477964,1857,4121,0.4506187818490658,0.500102887648629
1742,8477969,4,4,1.0,0.50175
1743,8477973,477,931,0.5123523093447906,0.49959828141783025
1744,8477974,40,108,0.37037037037037035,0.4976203703703703
1745,8477979,8,20,0.4,0.504
1746,8477983,12,24,0.5,0.5
1747,8477987,216,537,0.4022346368715084,0.5000186219739292
1748,8477989,3876,7381,0.5251320959219618,0.49982265275707893
1749,8477994,39,105,0.37142857142857144,0.5026095238095238
1750,8477996,568,1328,0.42771084337349397,0.4997876506024096
1751,8477998,120,252,0.47619047619047616,0.5001984126984126
1752,8478010,5110,9982,0.511921458625526,0.4999943899018233
1753,8478020,1387,2987,0.46434549715433543,0.5001235353197189
1754,8478027,4289,8487,0.5053611405679275,0.5001122893837634
1755,8478029,1,5,0.2,0.5092000000000001
1756,8478036,720,1612,0.4466501240694789,0.5001985111662531
1757,8478038,0,4,0.0,0.5205
1758,8478042,77,215,0.3581395348837209,0.4982046511627907
1759,8478043,476,968,0.49173553719008267,0.5005392561983472
1760,8478046,38,123,0.3089430894308943,0.49917886178861787
1761,8478055,0,1,0.0,0.523
1762,8478056,332,736,0.45108695652173914,0.499389945652174
1763,8478058,4,16,0.25,0.5028125
1764,8478063,0,1,0.0,0.531
1765,8478067,64,172,0.37209302325581395,0.4985813953488372
1766,8478074,0,4,0.0,0.5005
1767,8478075,13,30,0.43333333333333335,0.5038
1768,8478078,136,340,0.4,0.5004882352941177
1769,8478099,63,188,0.3351063829787234,0.5012765957446809
1770,8478104,4,20,0.2,0.49645
1771,8478106,0,33,0.0,0.5014545454545454
1772,8478109,4,8,0.5,0.491
1773,8478115,188,472,0.3983050847457627,0.5003771186440679
1774,8478131,73,289,0.25259515570934254,0.49997923875432515
1775,8478133,164,332,0.4939759036144578,0.49829216867469883
1776,8478137,2,6,0.3333333333333333,0.4911666666666667
1777,8478146,5,21,0.23809523809523808,0.5026190476190476
1778,8478211,1,24,0.041666666666666664,0.49262500000000004
1779,8478233,85,233,0.3648068669527897,0.5004592274678111
1780,8478268,0,2,0.0,0.5025
1781,8478365,4,8,0.5,0.497375
1782,8478366,120,341,0.3519061583577713,0.499266862170088
1783,8478367,84,200,0.42,0.501865
1784,8478373,2,19,0.10526315789473684,0.4967894736842105
1785,8478376,0,1,0.0,0.499
1786,8478398,43,114,0.37719298245614036,0.4984912280701755
1787,8478400,2643,5600,0.4719642857142857,0.5000771428571428
1788,8478401,3050,6714,0.45427464998510575,0.5001714328269288
1789,8478402,4092,8980,0.45567928730512247,0.5000006681514477
1790,8478403,5939,13020,0.45614439324116746,0.4996198924731182
1791,8478407,1,5,0.2,0.495
1792,8478413,192,462,0.4155844155844156,0.5000454545454546
1793,8478414,198,511,0.38747553816046965,0.5009119373776908
1794,8478417,381,906,0.4205298013245033,0.499953642384106
1795,8478420,390,781,0.499359795134443,0.4998130601792574
1796,8478421,9,23,0.391304347826087,0.5023478260869565
1797,8478424,4,24,0.16666666666666666,0.4984583333333334
1798,8478427,4513,9548,0.4726644323418517,0.49987211981566826
1799,8478431,1,5,0.2,0.5004
1800,8478432,29,109,0.26605504587155965,0.500183486238532
1801,8478434,4,4,1.0,0.49825
1802,8478436,4,4,1.0,0.50025
1803,8478439,140,342,0.4093567251461988,0.5015409356725146
1804,8478440,3186,6617,0.4814870787365876,0.49992413480429193
1805,8478442,36,104,0.34615384615384615,0.4991730769230769
1806,8478443,5,5,1.0,0.5035999999999999
1807,8478444,218,531,0.4105461393596987,0.49983239171374766
1808,8478445,2700,6344,0.4255989911727617,0.5000491803278688
1809,8478449,2200,4252,0.5174035747883349,0.5003353715898401
1810,8478455,20,60,0.3333333333333333,0.5024333333333334
1811,8478458,668,1489,0.4486232370718603,0.49991537944929487
1812,8478462,842,1754,0.48004561003420754,0.5000746864310148
1813,8478463,343,759,0.4519104084321476,0.4993583662714097
1814,8478466,17,58,0.29310344827586204,0.5003793103448275
1815,8478472,56,192,0.2916666666666667,0.49873437499999995
1816,8478474,204,441,0.46258503401360546,0.49872335600907025
1817,8478477,872,1680,0.5190476190476191,0.5000119047619047
1818,8478480,0,2,0.0,0.489
1819,8478483,126,294,0.42857142857142855,0.500704081632653
1820,8478485,4,4,1.0,0.4945
1821,8478488,130,330,0.3939393939393939,0.5012121212121212
1822,8478491,0,4,0.0,0.49275
1823,8478493,2794,6145,0.4546786004882018,0.5002152969894222
1824,8478495,8,16,0.5,0.4983125
1825,8478498,98,368,0.266304347826087,0.4991521739130435
1826,8478500,0,4,0.0,0.497
1827,8478508,12,16,0.75,0.5045
1828,8478512,199,441,0.4512471655328798,0.5012154195011339
1829,8478519,4515,9113,0.4954460660594755,0.49987358718314495
1830,8478528,322,709,0.4541607898448519,0.5005444287729196
1831,8478541,3,16,0.1875,0.5028750000000001
1832,8478542,1956,4266,0.45850914205344584,0.5002180028129395
1833,8478550,11,42,0.2619047619047619,0.5003333333333333
1834,8478561,16,36,0.4444444444444444,0.4975277777777778
1835,8478564,227,459,0.49455337690631807,0.49973856209150325
1836,8478566,206,496,0.4153225806451613,0.500366935483871
1837,8478569,2797,5723,0.48872968722697885,0.49984081775292677
1838,8478585,4494,8140,0.5520884520884521,0.4999825552825553
1839,8478831,236,572,0.4125874125874126,0.4997744755244755
1840,8478833,248,472,0.5254237288135594,0.5001779661016948
1841,8478838,4,20,0.2,0.49955
1842,8478839,36,84,0.42857142857142855,0.5008452380952381
1843,8478843,523,1326,0.39441930618401205,0.4990067873303167
1844,8478844,412,844,0.4881516587677725,0.4999739336492891
1845,8478856,56,132,0.42424242424242425,0.5015075757575758
1846,8478866,94,270,0.34814814814814815,0.4988148148148148
1847,8478870,4,36,0.1111111111111111,0.49922222222222223
1848,8478873,16,52,0.3076923076923077,0.49763461538461545
1849,8478874,1438,3496,0.41132723112128144,0.5002906178489702
1850,8478881,392,1048,0.37404580152671757,0.49996087786259535
1851,8478891,20,56,0.35714285714285715,0.502125
1852,8478928,1,2,0.5,0.508
1853,8478949,0,4,0.0,0.48975
1854,8478975,4,4,1.0,0.50375
1855,8478996,20,40,0.5,0.499425
1856,8479066,0,2,0.0,0.497
1857,8479206,115,272,0.4227941176470588,0.5004007352941177
1858,8479249,12,24,0.5,0.4947916666666667
1859,8479250,22,31,0.7096774193548387,0.4979032258064516
1860,8479290,149,292,0.5102739726027398,0.5005787671232876
1861,8479291,1459,3034,0.480883322346737,0.5000566908371786
1862,8479293,40,104,0.38461538461538464,0.5000961538461539
1863,8479304,19,41,0.4634146341463415,0.5004146341463416
1864,8479314,47,120,0.39166666666666666,0.49920833333333337
1865,8479315,48,92,0.5217391304347826,0.5022934782608696
1866,8479316,1232,2770,0.4447653429602888,0.4998844765342961
1867,8479318,5286,10054,0.5257608911875871,0.500061169683708
1868,8479328,4,12,0.3333333333333333,0.502
1869,8479335,196,456,0.4298245614035088,0.5016381578947369
1870,8479337,117,283,0.4134275618374558,0.5010600706713781
1871,8479339,97,285,0.34035087719298246,0.500298245614035
1872,8479343,181,502,0.3605577689243028,0.499597609561753
1873,8479344,8,20,0.4,0.4996499999999999
1874,8479346,64,184,0.34782608695652173,0.5005923913043479
1875,8479347,4,4,1.0,0.50275
1876,8479351,1908,3816,0.5,0.500230607966457
1877,8479353,2442,5060,0.4826086956521739,0.5002426877470356
1878,8479358,0,8,0.0,0.505875
1879,8479364,0,8,0.0,0.50525
1880,8479365,164,324,0.5061728395061729,0.49948148148148147
1881,8479366,232,580,0.4,0.4997086206896551
1882,8479368,48,120,0.4,0.5008
1883,8479370,807,2248,0.35898576512455516,0.4998247330960854
1884,8479381,4,8,0.5,0.491125
1885,8479382,148,392,0.37755102040816324,0.5001428571428571
1886,8479385,16,28,0.5714285714285714,0.5002142857142857
1887,8479393,24,76,0.3157894736842105,0.49686842105263157
1888,8479395,4,4,1.0,0.4935
1889,8479398,4,4,1.0,0.4975
1890,8479400,4403,9889,0.4452421882900192,0.4999214278491253
1891,8479404,727,1765,0.41189801699716716,0.5002498583569405
1892,8479407,35,91,0.38461538461538464,0.4994175824175824
1893,8479410,4,8,0.5,0.493125
1894,8479414,12,12,1.0,0.49574999999999997
1895,8479415,440,848,0.5188679245283019,0.5014492924528302
1896,8479420,41,90,0.45555555555555555,0.5013888888888889
1897,8479423,28,90,0.3111111111111111,0.4989
1898,8479424,24,56,0.42857142857142855,0.5025892857142857
1899,8479442,0,1,0.0,0.509
1900,8479465,220,607,0.3624382207578254,0.49925535420098854
1901,8479466,8,16,0.5,0.503125
1902,8479526,96,260,0.36923076923076925,0.5014307692307692
1903,8479553,0,5,0.0,0.5018
1904,8479557,8,8,1.0,0.502875
1905,8479580,785,1694,0.46340023612750886,0.49971605667060215
1906,8479587,100,212,0.4716981132075472,0.4992028301886793
1907,8479644,4,28,0.14285714285714285,0.5031428571428572
1908,8479648,1,7,0.14285714285714285,0.5117142857142857
1909,8479650,12,21,0.5714285714285714,0.49571428571428566
1910,8479657,44,68,0.6470588235294118,0.4983235294117647
1911,8479675,16,56,0.2857142857142857,0.5016071428571429
1912,8479748,32,68,0.47058823529411764,0.49997058823529417
1913,8479772,4,16,0.25,0.5056875000000001
1914,8479933,12,24,0.5,0.499625
1915,8479944,63,183,0.3442622950819672,0.4998142076502732
1916,8479968,33,64,0.515625,0.498984375
1917,8479970,12,16,0.75,0.4996875
1918,8479974,1997,3912,0.510480572597137,0.4996004601226993
1919,8479977,4,5,0.8,0.48979999999999996
1920,8479987,153,318,0.4811320754716981,0.49869182389937106
1921,8479992,92,256,0.359375,0.4989140625
1922,8479994,36,88,0.4090909090909091,0.49693181818181825
1923,8479996,240,572,0.4195804195804196,0.4995174825174825
1924,8479999,1213,2920,0.41541095890410956,0.4998147260273972
1925,8480002,4254,8867,0.47975640013533327,0.5000736438479757
1926,8480003,20,64,0.3125,0.499640625
1927,8480012,1436,3432,0.4184149184149184,0.5000285547785548
1928,8480014,196,368,0.532608695652174,0.4994945652173914
1929,8480015,0,2,0.0,0.509
1930,8480018,1481,3286,0.4506999391357273,0.5004312233718807
1931,8480021,44,72,0.6111111111111112,0.5017361111111112
1932,8480023,1084,2448,0.44281045751633985,0.4997802287581699
1933,8480028,176,372,0.4731182795698925,0.5015537634408601
1934,8480029,4,12,0.3333333333333333,0.494
1935,8480031,24,108,0.2222222222222222,0.49996296296296294
1936,8480039,137,406,0.3374384236453202,0.49819458128078814
1937,8480064,120,196,0.6122448979591837,0.49899489795918367
1938,8480068,28,88,0.3181818181818182,0.4981363636363636
1939,8480072,519,1159,0.44779982743744606,0.500381363244176
1940,8480074,112,296,0.3783783783783784,0.5016756756756757
1941,8480078,1139,2947,0.3864947404139803,0.5002636579572446
1942,8480087,8,12,0.6666666666666666,0.49366666666666664
1943,8480113,86,218,0.3944954128440367,0.5005825688073395
1944,8480144,2831,5699,0.4967538164590279,0.4998962975960695
1945,8480145,0,4,0.0,0.49725
1946,8480153,20,60,0.3333333333333333,0.49661666666666665
1947,8480185,132,252,0.5238095238095238,0.5005833333333334
1948,8480186,4,16,0.25,0.4986875
1949,8480205,20,60,0.3333333333333333,0.49965
1950,8480208,28,44,0.6363636363636364,0.5005909090909091
1951,8480222,0,1,0.0,0.507
1952,8480326,280,548,0.5109489051094891,0.4991970802919708
1953,8480330,1,1,1.0,0.495
1954,8480384,128,276,0.463768115942029,0.501927536231884
1955,8480748,40,80,0.5,0.4992375
1956,8480762,16,44,0.36363636363636365,0.5032272727272727
1957,8480769,104,228,0.45614035087719296,0.4999736842105263
1958,8480780,32,56,0.5714285714285714,0.49969642857142865
1959,8480789,0,12,0.0,0.5085
1960,8480797,16,56,0.2857142857142857,0.5006785714285714
1961,8480801,868,1856,0.4676724137931034,0.4994671336206896
1962,8480806,344,812,0.4236453201970443,0.49959729064039415
1963,8480821,16,28,0.5714285714285714,0.50325
1964,8480822,4,4,1.0,0.479
1965,8480829,2027,4580,0.4425764192139738,0.49981266375545846
1966,8480830,8,36,0.2222222222222222,0.49783333333333335
1967,8480849,108,296,0.36486486486486486,0.4996554054054054
1968,8480853,0,8,0.0,0.50225
1969,8480901,16,52,0.3076923076923077,0.5010192307692307
1970,8480944,1464,3016,0.4854111405835544,0.4999834217506631
1971,8480946,204,484,0.4214876033057851,0.5009545454545454
1972,8480954,12,32,0.375,0.50125
1973,8480965,612,1288,0.4751552795031056,0.5005209627329192
1974,8481019,132,252,0.5238095238095238,0.5037301587301587
1975,8481186,0,16,0.0,0.49824999999999997
1976,8481426,0,8,0.0,0.4945
1977,8481433,4,24,0.16666666666666666,0.49875
1978,8481477,128,272,0.47058823529411764,0.49912132352941174
1979,8481481,1264,2520,0.5015873015873016,0.5003162698412698
1980,8481516,448,952,0.47058823529411764,0.5014453781512606
1981,8481523,394,1191,0.3308144416456759,0.4996633081444164
1982,8481554,8,24,0.3333333333333333,0.504625
1983,8481559,668,1848,0.36147186147186144,0.4997126623376623
1984,8481582,0,4,0.0,0.47925
1985,8481624,12,16,0.75,0.503375
1986,8481638,12,24,0.5,0.498375
1987,8481640,0,8,0.0,0.501375
1988,8481641,0,16,0.0,0.5031875
1989,8481650,8,16,0.5,0.501875
1990,8481813,708,1680,0.42142857142857143,0.49961488095238094
